raw_sequence,indel_frequency,upstream_4bp,pam_4bp,spacer_23bp,seed_8bp,trunk_8bp,distal_7bp,downstream_3bp,is_canonical_tttv,is_high_efficiency,gc_34bp,gc_pam,gc_spacer,gc_seed,gc_trunk,gc_distal,tm_spacer,tm_seed,tm_distal,tm_gradient_seed_vs_distal,stacking_dg_seed,stacking_dg_trunk,stacking_dg_distal,stacking_dg_spacer,poly_t_terminator,poly_t_strict_5t,poly_g_quadruplex,pam_terminal_is_A,pam_terminal_is_C,pam_terminal_is_G,pam_terminal_is_T,seed_dinuc_1_2_UU,seed_dinuc_1_2_CC,seed_dinuc_1_2_GG,seed_dinuc_1_2_GA,seed_pos_1_A,seed_pos_1_C,seed_pos_1_G,seed_pos_1_T,seed_pos_2_A,seed_pos_2_C,seed_pos_2_G,seed_pos_2_T,seed_pos_3_A,seed_pos_3_C,seed_pos_3_G,seed_pos_3_T,seed_pos_4_A,seed_pos_4_C,seed_pos_4_G,seed_pos_4_T,seed_pos_5_A,seed_pos_5_C,seed_pos_5_G,seed_pos_5_T,seed_pos_6_A,seed_pos_6_C,seed_pos_6_G,seed_pos_6_T,seed_pos_7_A,seed_pos_7_C,seed_pos_7_G,seed_pos_7_T,seed_pos_8_A,seed_pos_8_C,seed_pos_8_G,seed_pos_8_T,predicted_efficiency,residual,abs_error,is_outlier
GTTCTTTAAACTTCTCTCGTTTATCAGGAGATGA,1.2838801711840229,GTTC,TTTA,AACTTCTCTCGTTTATCAGGAGA,AACTTCTC,TCGTTTAT,CAGGAGA,TGA,1,0,0.35294117647058826,0.0,0.391304347826087,0.375,0.25,0.5714285714285714,51.70869565217392,22.0,22.0,0.0,-8.6,-8.37,-8.45,-28.0,0,0,0,1,0,0,0,0,0,0,0,1,0,0,0,1,0,0,0,0,1,0,0,0,0,0,1,0,0,0,1,0,1,0,0,0,0,0,1,0,1,0,0,54.15293117433658,-52.869051003152556,52.869051003152556,1
GGTGTTTAAAGCACATGCCCTGATCATTACTCCG,8.939974457215836,GGTG,TTTA,AAGCACATGCCCTGATCATTACT,AAGCACAT,GCCCTGAT,CATTACT,CCG,1,0,0.47058823529411764,0.0,0.43478260869565216,0.375,0.625,0.2857142857142857,53.491304347826095,22.0,18.0,4.0,-9.74,-10.83,-6.63,-29.95,0,0,0,1,0,0,0,0,0,0,0,1,0,0,0,1,0,0,0,0,0,1,0,0,1,0,0,1,0,0,0,0,1,0,0,1,0,0,0,0,0,0,1,65.2675384955642,-56.327564038348356,56.327564038348356,1
AGGTTTTAAAGGAATACAATGTTTCCCCACCACT,7.028753993610224,AGGT,TTTA,AAGGAATACAATGTTTCCCCACC,AAGGAATA,CAATGTTT,CCCCACC,ACT,1,0,0.38235294117647056,0.0,0.43478260869565216,0.25,0.25,0.8571428571428571,53.491304347826095,20.0,26.0,-6.0,-7.88,-8.22,-10.25,-29.09,0,0,0,1,0,0,0,0,0,0,0,1,0,0,0,1,0,0,0,0,0,1,0,0,0,1,0,1,0,0,0,1,0,0,0,0,0,0,1,1,0,0,0,64.45836337033226,-57.42960937672204,57.42960937672204,1
TCAATTTAAATATATGTCTTCTCCCTTTTCCTTT,75.63150074294205,TCAA,TTTA,AATATATGTCTTCTCCCTTTTCC,AATATATG,TCTTCTCC,CTTTTCC,TTT,1,1,0.2647058823529412,0.0,0.34782608695652173,0.125,0.5,0.42857142857142855,49.92608695652175,18.0,20.0,-2.0,-6.25,-9.3,-7.42,-26.25,1,0,0,1,0,0,0,0,0,0,0,1,0,0,0,1,0,0,0,0,0,0,1,1,0,0,0,0,0,0,1,1,0,0,0,0,0,0,1,0,0,1,0,27.884846671852543,47.74665407108951,47.74665407108951,1
TGTATTTAAATGGTTTTCCCAGCTTGGTGAGTTG,83.48214285714286,TGTA,TTTA,AATGGTTTTCCCAGCTTGGTGAG,AATGGTTT,TCCCAGCT,TGGTGAG,TTG,1,1,0.38235294117647056,0.0,0.4782608695652174,0.25,0.625,0.5714285714285714,55.27391304347827,20.0,22.0,-2.0,-8.61,-11.23,-8.76,-30.6,1,0,0,1,0,0,0,0,0,0,0,1,0,0,0,1,0,0,0,0,0,0,1,0,0,1,0,0,0,1,0,0,0,0,1,0,0,0,1,0,0,0,1,20.813348827280517,62.66879402986234,62.66879402986234,1
TCCATTTAAATTTATGGTCCTTCCAGTCTCTTGT,9.523809523809524,TCCA,TTTA,AATTTATGGTCCTTCCAGTCTCT,AATTTATG,GTCCTTCC,AGTCTCT,TGT,1,0,0.35294117647058826,0.0,0.391304347826087,0.125,0.625,0.42857142857142855,51.70869565217392,18.0,20.0,-2.0,-6.79,-10.0,-7.88,-27.96,0,0,0,1,0,0,0,0,0,0,0,1,0,0,0,1,0,0,0,0,0,0,1,0,0,0,1,0,0,0,1,1,0,0,0,0,0,0,1,0,0,1,0,69.57153432225904,-60.047724798449515,60.047724798449515,1
TGTGTTTAACATGCAGTCATTGTAGTTTTTCCTT,91.5807560137457,TGTG,TTTA,ACATGCAGTCATTGTAGTTTTTC,ACATGCAG,TCATTGTA,GTTTTTC,CTT,1,1,0.3235294117647059,0.0,0.34782608695652173,0.5,0.25,0.2857142857142857,49.92608695652175,24.0,18.0,6.0,-10.19,-8.1,-6.74,-27.75,1,1,0,1,0,0,0,0,0,0,0,1,0,0,0,0,1,0,0,1,0,0,0,0,0,0,1,0,0,1,0,0,1,0,0,1,0,0,0,0,0,1,0,26.32904054217076,65.25171547157494,65.25171547157494,1
ACGGTTTAACCATTTCTAGCGATGTCAGTGACGC,0.0,ACGG,TTTA,ACCATTTCTAGCGATGTCAGTGA,ACCATTTC,TAGCGATG,TCAGTGA,CGC,1,0,0.47058823529411764,0.0,0.43478260869565216,0.375,0.5,0.42857142857142855,53.491304347826095,22.0,20.0,2.0,-8.91,-9.9,-8.22,-29.75,0,0,0,1,0,0,0,0,0,0,0,1,0,0,0,0,1,0,0,0,1,0,0,1,0,0,0,0,0,0,1,0,0,0,1,0,0,0,1,0,1,0,0,50.43150600010449,-50.43150600010449,50.43150600010449,1
CCAGTTTAACCTGTGGGACCACGCCCTGACACCA,0.0,CCAG,TTTA,ACCTGTGGGACCACGCCCTGACA,ACCTGTGG,GACCACGC,CCTGACA,CCA,1,0,0.5882352941176471,0.0,0.6521739130434783,0.625,0.75,0.5714285714285714,62.40434782608696,26.0,22.0,4.0,-10.74,-11.88,-8.76,-35.06,0,0,0,1,0,0,0,0,0,0,0,1,0,0,0,0,1,0,0,0,1,0,0,0,0,0,1,0,0,1,0,0,0,0,1,0,0,1,0,0,0,1,0,59.13355626485641,-59.13355626485641,59.13355626485641,1
CTGTTTTAACCTTAAGAGTTGCCGTTCTGAACGT,0.3125,CTGT,TTTA,ACCTTAAGAGTTGCCGTTCTGAA,ACCTTAAG,AGTTGCCG,TTCTGAA,CGT,1,0,0.4117647058823529,0.0,0.43478260869565216,0.375,0.625,0.2857142857142857,53.491304347826095,22.0,18.0,4.0,-8.42,-11.42,-7.33,-29.91,0,0,0,1,0,0,0,0,0,0,0,1,0,0,0,0,1,0,0,0,1,0,0,0,0,0,1,0,0,0,1,1,0,0,0,1,0,0,0,0,0,1,0,66.66158897816462,-66.34908897816462,66.34908897816462,1
CTCCTTTAAGGCCTTGGATGCCTGTCCGGATGCC,2.722323049001815,CTCC,TTTA,AGGCCTTGGATGCCTGTCCGGAT,AGGCCTTG,GATGCCTG,TCCGGAT,GCC,1,0,0.5882352941176471,0.0,0.6086956521739131,0.625,0.625,0.5714285714285714,60.62173913043479,26.0,22.0,4.0,-10.93,-10.44,-9.33,-33.980000000000004,0,0,0,1,0,0,0,0,0,0,0,1,0,0,0,0,0,1,0,0,0,1,0,0,1,0,0,0,1,0,0,0,0,0,1,0,0,0,1,0,0,1,0,50.680762225659656,-47.95843917665784,47.95843917665784,1
CTTCTTTAAGTGGTGGAGCCTCCACTTCCTGCCC,17.410714285714285,CTTC,TTTA,AGTGGTGGAGCCTCCACTTCCTG,AGTGGTGG,AGCCTCCA,CTTCCTG,CCC,1,0,0.5588235294117647,0.0,0.6086956521739131,0.625,0.625,0.5714285714285714,60.62173913043479,26.0,22.0,4.0,-10.74,-11.23,-8.15,-32.86,0,0,0,1,0,0,0,0,0,0,0,1,0,0,0,0,0,1,0,0,0,0,1,0,0,1,0,0,0,1,0,0,0,0,1,0,0,1,0,0,0,1,0,68.56761564772732,-51.15690136201304,51.15690136201304,1
GTTATTTAAGTTCAGCTGCTTTAATTTGTTTTCA,0.0,GTTA,TTTA,AGTTCAGCTGCTTTAATTTGTTT,AGTTCAGC,TGCTTTAA,TTTGTTT,TCA,1,0,0.2647058823529412,0.0,0.30434782608695654,0.5,0.25,0.14285714285714285,48.14347826086957,24.0,16.0,8.0,-9.99,-8.55,-6.89,-27.59,0,0,0,1,0,0,0,0,0,0,0,1,0,0,0,0,0,1,0,0,0,0,1,0,0,0,1,0,1,0,0,1,0,0,0,0,0,1,0,0,1,0,0,66.98955376828896,-66.98955376828896,66.98955376828896,1
CATCTTTAATATCATCTTGTCGTCTTTGGACAAG,11.990950226244344,CATC,TTTA,ATATCATCTTGTCGTCTTTGGAC,ATATCATC,TTGTCGTC,TTTGGAC,AAG,1,0,0.35294117647058826,0.0,0.391304347826087,0.25,0.5,0.42857142857142855,51.70869565217392,20.0,20.0,0.0,-7.27,-10.1,-8.03,-27.96,0,0,0,1,0,0,0,0,0,0,0,1,0,0,0,0,0,0,1,1,0,0,0,0,0,0,1,0,1,0,0,1,0,0,0,0,0,0,1,0,1,0,0,73.38302884608154,-61.3920786198372,61.3920786198372,1
AAGTTTTAATCAGTGTGTGGCTGTGATGGATGGA,8.88468809073724,AAGT,TTTA,ATCAGTGTGTGGCTGTGATGGAT,ATCAGTGT,GTGGCTGT,GATGGAT,GGA,1,0,0.4117647058823529,0.0,0.4782608695652174,0.375,0.625,0.42857142857142855,55.27391304347827,22.0,20.0,2.0,-9.24,-11.14,-7.65,-30.93,0,0,0,1,0,0,0,0,0,0,0,1,0,0,0,0,0,0,1,0,1,0,0,1,0,0,0,0,0,1,0,0,0,0,1,0,0,1,0,0,0,0,1,67.11371538515841,-58.22902729442117,58.22902729442117,1
GGATTTTAATGAATTCGTGGTCATGGTGGCAGCT,99.67105263157896,GGAT,TTTA,ATGAATTCGTGGTCATGGTGGCA,ATGAATTC,GTGGTCAT,GGTGGCA,GCT,1,1,0.4411764705882353,0.0,0.4782608695652174,0.25,0.5,0.7142857142857143,55.27391304347827,20.0,24.0,-4.0,-7.8100000000000005,-9.8,-10.26,-31.49,0,0,0,1,0,0,0,0,0,0,0,1,0,0,0,0,0,0,1,0,0,1,0,1,0,0,0,1,0,0,0,0,0,0,1,0,0,0,1,0,1,0,0,44.86032372810676,54.810728903472196,54.810728903472196,1
TTAGTTTAATGACCATTGCAGTGGGCACGGACTA,13.14878892733564,TTAG,TTTA,ATGACCATTGCAGTGGGCACGGA,ATGACCAT,TGCAGTGG,GCACGGA,CTA,1,0,0.4411764705882353,0.0,0.5652173913043478,0.375,0.625,0.7142857142857143,58.83913043478262,22.0,24.0,-2.0,-9.24,-11.15,-10.44,-33.67,0,0,0,1,0,0,0,0,0,0,0,1,0,0,0,0,0,0,1,0,0,1,0,1,0,0,0,0,1,0,0,0,1,0,0,1,0,0,0,0,0,0,1,61.86053429693948,-48.71174536960383,48.71174536960383,1
CTCTTTTAATTTCTCTTTGGCTTCATTAACAGTC,0.4056795131845842,CTCT,TTTA,ATTTCTCTTTGGCTTCATTAACA,ATTTCTCT,TTGGCTTC,ATTAACA,GTC,1,0,0.3235294117647059,0.0,0.30434782608695654,0.25,0.5,0.14285714285714285,48.14347826086957,20.0,16.0,4.0,-8.040000000000001,-10.11,-6.35,-26.95,0,0,0,1,0,0,0,0,0,0,0,1,0,0,0,0,0,0,1,0,0,0,1,0,0,0,1,0,1,0,0,0,0,0,1,0,1,0,0,0,0,0,1,55.530807502843274,-55.12512798965869,55.12512798965869,1
ATCATTTACAACTGCTTCAGCTTCGAGCCTCATG,0.0,ATCA,TTTA,CAACTGCTTCAGCTTCGAGCCTC,CAACTGCT,TCAGCTTC,GAGCCTC,ATG,1,0,0.4411764705882353,0.0,0.5652173913043478,0.5,0.5,0.7142857142857143,58.83913043478262,24.0,24.0,0.0,-10.14,-9.85,-9.24,-32.4,0,0,0,1,0,0,0,0,0,0,0,0,1,0,0,1,0,0,0,1,0,0,0,0,1,0,0,0,0,0,1,0,0,1,0,0,1,0,0,0,0,0,1,50.41372143068068,-50.41372143068068,50.41372143068068,1
AGTATTTACAAGTATGAAGACATTTTTATGCCAT,81.03448275862068,AGTA,TTTA,CAAGTATGAAGACATTTTTATGC,CAAGTATG,AAGACATT,TTTATGC,CAT,1,1,0.2647058823529412,0.0,0.30434782608695654,0.375,0.25,0.2857142857142857,48.14347826086957,22.0,18.0,4.0,-8.08,-8.35,-7.15,-25.88,1,1,0,1,0,0,0,0,0,0,0,0,1,0,0,1,0,0,0,1,0,0,0,0,0,1,0,0,0,0,1,1,0,0,0,0,0,0,1,0,0,1,0,21.21620044275935,59.81828231586133,59.81828231586133,1
CTCGTTTACAGGATGTGCGAGACGTCAGCGCCAC,98.9655172413793,CTCG,TTTA,CAGGATGTGCGAGACGTCAGCGC,CAGGATGT,GCGAGACG,TCAGCGC,CAC,1,1,0.5882352941176471,0.0,0.6521739130434783,0.5,0.75,0.7142857142857143,62.40434782608696,24.0,24.0,0.0,-9.64,-11.9,-10.68,-35.11,0,0,0,1,0,0,0,0,0,0,0,0,1,0,0,1,0,0,0,0,0,1,0,0,0,1,0,1,0,0,0,0,0,0,1,0,0,1,0,0,0,0,1,47.31662566496258,51.64889157641672,51.64889157641672,1
ACCTTTTACATCACTGTCTGTGATGCGTTTCAGA,0.2541296060991105,ACCT,TTTA,CATCACTGTCTGTGATGCGTTTC,CATCACTG,TCTGTGAT,GCGTTTC,AGA,1,0,0.4117647058823529,0.0,0.4782608695652174,0.5,0.375,0.5714285714285714,55.27391304347827,24.0,22.0,2.0,-9.25,-9.1,-9.15,-30.39,0,0,0,1,0,0,0,0,0,0,0,0,1,0,0,1,0,0,0,0,0,0,1,0,1,0,0,1,0,0,0,0,1,0,0,0,0,0,1,0,0,1,0,60.376137111320055,-60.12200750522094,60.12200750522094,1
GTGATTTACATGGCCAATCTGGCCTTGGCTGACC,0.0354735721887194,GTGA,TTTA,CATGGCCAATCTGGCCTTGGCTG,CATGGCCA,ATCTGGCC,TTGGCTG,ACC,1,0,0.5294117647058824,0.0,0.6086956521739131,0.625,0.625,0.5714285714285714,60.62173913043479,26.0,22.0,4.0,-11.15,-10.83,-9.26,-33.52,0,0,0,1,0,0,0,0,0,0,0,0,1,0,0,1,0,0,0,0,0,0,1,0,0,1,0,0,0,1,0,0,1,0,0,0,1,0,0,1,0,0,0,68.36132225210721,-68.3258486799185,68.3258486799185,1
GCCTTTTACATTGCGGATGATGGATCGGCTCGTG,0.2375296912114014,GCCT,TTTA,CATTGCGGATGATGGATCGGCTC,CATTGCGG,ATGATGGA,TCGGCTC,GTG,1,0,0.5294117647058824,0.0,0.5652173913043478,0.625,0.375,0.7142857142857143,58.83913043478262,26.0,24.0,2.0,-11.03,-9.1,-10.13,-32.44,0,0,0,1,0,0,0,0,0,0,0,0,1,0,0,1,0,0,0,0,0,0,1,0,0,0,1,0,0,1,0,0,1,0,0,0,0,1,0,0,0,1,0,53.01589869683346,-52.77836900562206,52.77836900562206,1
CTACTTTACCAACTGGTCCCAGGACCGGCAGGAA,2.5773195876288657,CTAC,TTTA,CCAACTGGTCCCAGGACCGGCAG,CCAACTGG,TCCCAGGA,CCGGCAG,GAA,1,0,0.5588235294117647,0.0,0.6956521739130435,0.625,0.625,0.8571428571428571,64.18695652173913,26.0,26.0,0.0,-10.3,-10.85,-10.82,-34.85,0,0,0,1,0,0,0,0,1,0,0,0,1,0,0,0,1,0,0,1,0,0,0,1,0,0,0,0,1,0,0,0,0,0,1,0,0,1,0,0,0,1,0,52.95517593633096,-50.377856348702096,50.377856348702096,1
CAGCTTTACCAGCTACTGGATCGGCTGGGTGCGC,1.2658227848101269,CAGC,TTTA,CCAGCTACTGGATCGGCTGGGTG,CCAGCTAC,TGGATCGG,CTGGGTG,CGC,1,0,0.6176470588235294,0.0,0.6521739130434783,0.625,0.625,0.7142857142857143,62.40434782608696,26.0,24.0,2.0,-10.11,-10.78,-9.3,-33.71,0,0,0,1,0,0,0,0,1,0,0,0,1,0,0,0,1,0,0,1,0,0,0,0,0,1,0,0,1,0,0,0,0,0,1,1,0,0,0,0,1,0,0,64.97940603468295,-63.713583249872826,63.713583249872826,1
GACTTTTACCAGTTCTCCTGTGGGGGCTGGATTC,100.0,GACT,TTTA,CCAGTTCTCCTGTGGGGGCTGGA,CCAGTTCT,CCTGTGGG,GGCTGGA,TTC,1,1,0.5294117647058824,0.0,0.6521739130434783,0.5,0.75,0.7142857142857143,62.40434782608696,24.0,24.0,0.0,-9.59,-11.14,-9.950000000000001,-33.82,0,0,1,1,0,0,0,0,1,0,0,0,1,0,0,0,1,0,0,1,0,0,0,0,0,1,0,0,0,0,1,0,0,0,1,0,1,0,0,0,0,0,1,41.5347625986977,58.4652374013023,58.4652374013023,1
GATGTTTACCATGACAAGTCCCCTCCTGGTATCT,12.941176470588236,GATG,TTTA,CCATGACAAGTCCCCTCCTGGTA,CCATGACA,AGTCCCCT,CCTGGTA,TCT,1,0,0.47058823529411764,0.0,0.5652173913043478,0.5,0.625,0.5714285714285714,58.83913043478262,24.0,22.0,2.0,-9.81,-10.82,-8.43,-31.36,0,0,0,1,0,0,0,0,1,0,0,0,1,0,0,0,1,0,0,1,0,0,0,0,0,0,1,0,0,1,0,1,0,0,0,0,1,0,0,1,0,0,0,80.15785233615534,-67.21667586556711,67.21667586556711,1
TGGGTTTACCATTTACAGCCACACACACCATAGT,8.860759493670885,TGGG,TTTA,CCATTTACAGCCACACACACCAT,CCATTTAC,AGCCACAC,ACACCAT,AGT,1,0,0.4411764705882353,0.0,0.4782608695652174,0.375,0.625,0.42857142857142855,55.27391304347827,22.0,20.0,2.0,-8.19,-11.14,-8.5,-30.73,0,0,0,1,0,0,0,0,1,0,0,0,1,0,0,0,1,0,0,1,0,0,0,0,0,0,1,0,0,0,1,0,0,0,1,1,0,0,0,0,1,0,0,57.38051706790822,-48.51975757423734,48.51975757423734,1
CCTCTTTACCCTTCTGTGGTGCTCCTGTTGGTTC,0.0,CCTC,TTTA,CCCTTCTGTGGTGCTCCTGTTGG,CCCTTCTG,TGGTGCTC,CTGTTGG,TTC,1,0,0.5294117647058824,0.0,0.6086956521739131,0.625,0.625,0.5714285714285714,60.62173913043479,26.0,22.0,4.0,-9.99,-11.0,-8.46,-32.730000000000004,0,0,0,1,0,0,0,0,1,0,0,0,1,0,0,0,1,0,0,0,1,0,0,0,0,0,1,0,0,0,1,0,1,0,0,0,0,0,1,0,0,1,0,65.2648027038399,-65.2648027038399,65.2648027038399,1
CAGGTTTACCGCAATCTCATATCTGCGGAGCCGA,0.0,CAGG,TTTA,CCGCAATCTCATATCTGCGGAGC,CCGCAATC,TCATATCT,GCGGAGC,CGA,1,0,0.5294117647058824,0.0,0.5652173913043478,0.625,0.25,0.8571428571428571,58.83913043478262,26.0,26.0,0.0,-10.88,-7.67,-11.07,-32.35,0,0,0,1,0,0,0,0,1,0,0,0,1,0,0,0,1,0,0,0,0,1,0,0,1,0,0,1,0,0,0,1,0,0,0,0,0,0,1,0,1,0,0,65.52833593289533,-65.52833593289533,65.52833593289533,1
GGCCTTTACCGCCGAGCAGCTGCAGAGGCTCAAG,0.0,GGCC,TTTA,CCGCCGAGCAGCTGCAGAGGCTC,CCGCCGAG,CAGCTGCA,GAGGCTC,AAG,1,0,0.6470588235294118,0.0,0.7391304347826086,0.875,0.625,0.7142857142857143,65.9695652173913,30.0,24.0,6.0,-12.84,-11.39,-9.24,-36.99,0,0,0,1,0,0,0,0,1,0,0,0,1,0,0,0,1,0,0,0,0,1,0,0,1,0,0,0,1,0,0,0,0,1,0,1,0,0,0,0,0,1,0,47.84820518337711,-47.84820518337711,47.84820518337711,1
GCCTTTTACCGCCGCCGCCAGCTCATGCACCAGC,100.0,GCCT,TTTA,CCGCCGCCGCCAGCTCATGCACC,CCGCCGCC,GCCAGCTC,ATGCACC,AGC,1,1,0.6764705882352942,0.0,0.782608695652174,1.0,0.75,0.5714285714285714,67.75217391304349,32.0,22.0,10.0,-14.34,-11.63,-9.3,-38.89,0,0,0,1,0,0,0,0,1,0,0,0,1,0,0,0,1,0,0,0,0,1,0,0,1,0,0,0,1,0,0,0,0,1,0,0,1,0,0,0,1,0,0,47.05853338134133,52.94146661865867,52.94146661865867,1
TCCTTTTACCTCCCCTGGCAGCAGCTGCAGCGGG,0.7936507936507936,TCCT,TTTA,CCTCCCCTGGCAGCAGCTGCAGC,CCTCCCCT,GGCAGCAG,CTGCAGC,GGG,1,0,0.6470588235294118,0.0,0.7391304347826086,0.75,0.75,0.7142857142857143,65.9695652173913,28.0,24.0,4.0,-11.22,-11.780000000000001,-9.940000000000001,-36.63,0,0,0,1,0,0,0,0,1,0,0,0,1,0,0,0,1,0,0,0,0,0,1,0,1,0,0,0,1,0,0,0,1,0,0,0,1,0,0,0,0,0,1,62.90478787926774,-62.111137085616946,62.111137085616946,1
CTCCTTTACCTGCTGCATGGCAGCCTCTGTCACC,11.30030959752322,CTCC,TTTA,CCTGCTGCATGGCAGCCTCTGTC,CCTGCTGC,ATGGCAGC,CTCTGTC,ACC,1,0,0.5882352941176471,0.0,0.6521739130434783,0.75,0.625,0.5714285714285714,62.40434782608696,28.0,22.0,6.0,-11.780000000000001,-11.38,-8.05,-34.5,0,0,0,1,0,0,0,0,1,0,0,0,1,0,0,0,1,0,0,0,0,0,1,0,0,1,0,0,1,0,0,0,0,0,1,0,0,1,0,0,1,0,0,67.23192425715155,-55.93161465962832,55.93161465962832,1
CTTCTTTACCTTCTTTACACACCATTTTGGGGGA,87.31563421828909,CTTC,TTTA,CCTTCTTTACACACCATTTTGGG,CCTTCTTT,ACACACCA,TTTTGGG,GGA,1,1,0.4117647058823529,0.0,0.43478260869565216,0.375,0.5,0.42857142857142855,53.491304347826095,22.0,20.0,2.0,-8.7,-10.51,-8.13,-28.8,1,0,0,1,0,0,0,0,1,0,0,0,1,0,0,0,1,0,0,0,0,0,1,0,0,0,1,0,1,0,0,0,0,0,1,0,0,0,1,0,0,0,1,18.67703646294005,68.63859775534904,68.63859775534904,1
ATGCTTTACTCGGGTCAGCAGCGGGATGGGCACC,99.7584541062802,ATGC,TTTA,CTCGGGTCAGCAGCGGGATGGGC,CTCGGGTC,AGCAGCGG,GATGGGC,ACC,1,1,0.6176470588235294,0.0,0.7391304347826086,0.75,0.75,0.7142857142857143,65.9695652173913,28.0,24.0,4.0,-11.17,-12.5,-9.55,-36.51,0,0,0,1,0,0,0,0,0,0,0,0,1,0,0,0,0,0,1,0,1,0,0,0,0,1,0,0,0,1,0,0,0,1,0,0,0,0,1,0,1,0,0,50.50520950655087,49.25324459972933,49.25324459972933,1
AACCTTTACTGCAGCATCCTCTTCCTCACCTGCA,20.081967213114755,AACC,TTTA,CTGCAGCATCCTCTTCCTCACCT,CTGCAGCA,TCCTCTTC,CTCACCT,GCA,1,1,0.5,0.0,0.5652173913043478,0.625,0.5,0.5714285714285714,58.83913043478262,26.0,22.0,4.0,-11.39,-9.3,-8.59,-32.0,0,0,0,1,0,0,0,0,0,0,0,0,1,0,0,0,0,0,1,0,0,1,0,0,1,0,0,1,0,0,0,0,0,1,0,0,1,0,0,1,0,0,0,69.68215275772808,-49.600185544613325,49.600185544613325,1
TCCTTTTACTGTGCCATGGCAGGCAGTCTCGGCT,9.113924050632912,TCCT,TTTA,CTGTGCCATGGCAGGCAGTCTCG,CTGTGCCA,TGGCAGGC,AGTCTCG,GCT,1,0,0.5588235294117647,0.0,0.6521739130434783,0.625,0.75,0.5714285714285714,62.40434782608696,26.0,22.0,4.0,-11.15,-12.34,-8.77,-34.59,0,0,0,1,0,0,0,0,0,0,0,0,1,0,0,0,0,0,1,0,0,1,0,0,0,0,1,0,0,1,0,0,1,0,0,0,1,0,0,1,0,0,0,64.72554691444292,-55.611622863810005,55.611622863810005,1
TTTGTTTACTTCCATCCCATTGCGAGGCCAGGTC,7.473309608540925,TTTG,TTTA,CTTCCATCCCATTGCGAGGCCAG,CTTCCATC,CCATTGCG,AGGCCAG,GTC,1,0,0.5,0.0,0.6086956521739131,0.5,0.625,0.7142857142857143,60.62173913043479,24.0,24.0,0.0,-9.05,-11.03,-9.93,-33.15,0,0,0,1,0,0,0,0,0,0,0,0,1,0,0,0,0,0,1,0,0,0,1,0,1,0,0,0,1,0,0,1,0,0,0,0,0,0,1,0,1,0,0,74.78251757577713,-67.3092079672362,67.3092079672362,1
AAGGTTTAGACCTATCAGGTCTGCCACATCCACG,0.0,AAGG,TTTA,GACCTATCAGGTCTGCCACATCC,GACCTATC,AGGTCTGC,CACATCC,ACG,1,0,0.5,0.0,0.5652173913043478,0.5,0.625,0.5714285714285714,58.83913043478262,24.0,22.0,2.0,-8.620000000000001,-10.83,-8.36,-31.1,0,0,0,1,0,0,0,0,0,0,1,0,0,1,0,1,0,0,0,0,1,0,0,0,1,0,0,0,0,0,1,1,0,0,0,0,0,0,1,0,1,0,0,70.90596726072351,-70.90596726072351,70.90596726072351,1
ATTGTTTAGAGTCCTTGGTTTTCCAGCTTTGATG,100.0,ATTG,TTTA,GAGTCCTTGGTTTTCCAGCTTTG,GAGTCCTT,GGTTTTCC,AGCTTTG,ATG,1,1,0.38235294117647056,0.0,0.4782608695652174,0.5,0.5,0.42857142857142855,55.27391304347827,24.0,20.0,4.0,-9.44,-9.42,-8.25,-30.01,1,0,0,1,0,0,0,0,0,0,1,0,0,1,0,1,0,0,0,0,0,1,0,0,0,0,1,0,1,0,0,0,1,0,0,0,0,0,1,0,0,0,1,41.70108276034498,58.29891723965502,58.29891723965502,1
CATTTTTAGATGTCTTGTCAAGGGACCCCACGTT,18.64406779661017,CATT,TTTA,GATGTCTTGTCAAGGGACCCCAC,GATGTCTT,GTCAAGGG,ACCCCAC,GTT,1,0,0.4411764705882353,0.0,0.5652173913043478,0.375,0.625,0.7142857142857143,58.83913043478262,22.0,24.0,-2.0,-8.65,-10.15,-9.85,-31.4,0,0,0,1,0,0,0,0,0,0,1,0,0,1,0,1,0,0,0,0,0,0,1,0,0,1,0,0,0,0,1,0,1,0,0,0,0,0,1,0,0,0,1,69.56541975011578,-50.92135195350561,50.92135195350561,1
TAAGTTTAGATGTGTGAGATTTGGAAGTTTTTCA,95.53956834532374,TAAG,TTTA,GATGTGTGAGATTTGGAAGTTTT,GATGTGTG,AGATTTGG,AAGTTTT,TCA,1,1,0.29411764705882354,0.0,0.34782608695652173,0.5,0.375,0.14285714285714285,49.92608695652175,24.0,16.0,8.0,-9.41,-8.75,-6.72,-27.48,1,0,0,1,0,0,0,0,0,0,1,0,0,1,0,1,0,0,0,0,0,0,1,0,0,1,0,0,0,0,1,0,0,1,0,0,0,0,1,0,0,1,0,42.48294749871788,53.05662084660587,53.05662084660587,1
CGAGTTTAGCAGGCTGGTGGCCGGGGAGTACCTC,100.0,CGAG,TTTA,GCAGGCTGGTGGCCGGGGAGTAC,GCAGGCTG,GTGGCCGG,GGAGTAC,CTC,1,1,0.6470588235294118,0.0,0.7391304347826086,0.75,0.875,0.5714285714285714,65.9695652173913,28.0,22.0,6.0,-11.780000000000001,-12.82,-7.88,-36.160000000000004,0,0,1,1,0,0,0,0,0,0,0,0,0,1,0,0,1,0,0,1,0,0,0,0,0,1,0,0,0,1,0,0,1,0,0,0,0,0,1,0,0,1,0,46.09933978838643,53.90066021161357,53.90066021161357,1
TTACTTTAGCAGGTTTTTCACCTTTCACTTCCAC,79.88826815642457,TTAC,TTTA,GCAGGTTTTTCACCTTTCACTTC,GCAGGTTT,TTCACCTT,TCACTTC,CAC,1,1,0.38235294117647056,0.0,0.43478260869565216,0.5,0.375,0.42857142857142855,53.491304347826095,24.0,20.0,4.0,-10.25,-9.31,-7.77,-29.330000000000002,1,1,0,1,0,0,0,0,0,0,0,0,0,1,0,0,1,0,0,1,0,0,0,0,0,1,0,0,0,1,0,0,0,0,1,0,0,0,1,0,0,0,1,23.36124078059353,56.52702737583104,56.52702737583104,1
AGTTTTTAGCCCTTGCTTGCAGCGCTCTGGGAGT,100.0,AGTT,TTTA,GCCCTTGCTTGCAGCGCTCTGGG,GCCCTTGC,TTGCAGCG,CTCTGGG,AGT,1,1,0.5294117647058824,0.0,0.6956521739130435,0.75,0.625,0.7142857142857143,64.18695652173913,28.0,24.0,4.0,-11.89,-11.83,-8.99,-36.230000000000004,0,0,0,1,0,0,0,0,0,0,0,0,0,1,0,0,1,0,0,0,1,0,0,0,1,0,0,0,0,0,1,0,0,0,1,0,0,1,0,0,1,0,0,51.37813288639876,48.62186711360124,48.62186711360124,1
CAGCTTTAGCCGCAGCTTCAGCTCGGCCTCCCGG,0.0,CAGC,TTTA,GCCGCAGCTTCAGCTCGGCCTCC,GCCGCAGC,TTCAGCTC,GGCCTCC,CGG,1,0,0.6764705882352942,0.0,0.7391304347826086,0.875,0.5,0.8571428571428571,65.9695652173913,30.0,26.0,4.0,-13.46,-9.85,-10.34,-37.1,0,0,0,1,0,0,0,0,0,0,0,0,0,1,0,0,1,0,0,0,1,0,0,0,0,1,0,0,1,0,0,1,0,0,0,0,0,1,0,0,1,0,0,57.9411225682511,-57.9411225682511,57.9411225682511,1
GGCCTTTAGCCGTTCGCTTAGAGGGCGCAGGCGC,0.4739336492890995,GGCC,TTTA,GCCGTTCGCTTAGAGGGCGCAGG,GCCGTTCG,CTTAGAGG,GCGCAGG,CGC,1,0,0.6764705882352942,0.0,0.6956521739130435,0.75,0.5,0.8571428571428571,64.18695652173913,28.0,26.0,2.0,-12.16,-8.56,-11.22,-36.02,0,0,0,1,0,0,0,0,0,0,0,0,0,1,0,0,1,0,0,0,1,0,0,0,0,1,0,0,0,0,1,0,0,0,1,0,1,0,0,0,0,1,0,53.801789509986456,-53.327855860697355,53.327855860697355,1
AGGCTTTAGCCTCTCTGATGCAGGCTCCTCAACA,0.0,AGGC,TTTA,GCCTCTCTGATGCAGGCTCCTCA,GCCTCTCT,GATGCAGG,CTCCTCA,ACA,1,0,0.5294117647058824,0.0,0.6086956521739131,0.625,0.625,0.5714285714285714,60.62173913043479,26.0,22.0,4.0,-10.52,-10.44,-8.45,-33.1,0,0,0,1,0,0,0,0,0,0,0,0,0,1,0,0,1,0,0,0,1,0,0,0,0,0,1,0,1,0,0,0,0,0,1,0,1,0,0,0,0,0,1,60.63679880112989,-60.63679880112989,60.63679880112989,1
TACCTTTAGCGCAGGCGTCTTCCTCTTCAGGCCA,6.493506493506493,TACC,TTTA,GCGCAGGCGTCTTCCTCTTCAGG,GCGCAGGC,GTCTTCCT,CTTCAGG,CCA,1,0,0.5588235294117647,0.0,0.6521739130434783,0.875,0.5,0.5714285714285714,62.40434782608696,30.0,22.0,8.0,-13.46,-9.44,-8.15,-34.52,0,0,0,1,0,0,0,0,0,0,0,0,0,1,0,0,1,0,0,0,0,1,0,0,1,0,0,1,0,0,0,0,0,1,0,0,0,1,0,0,1,0,0,68.10935744505056,-61.61585095154407,61.61585095154407,1
ATGGTTTAGCTACTCTCTTCCATCTTCCACCCAA,17.275747508305646,ATGG,TTTA,GCTACTCTCTTCCATCTTCCACC,GCTACTCT,CTTCCATC,TTCCACC,CAA,1,0,0.4411764705882353,0.0,0.5217391304347826,0.5,0.5,0.5714285714285714,57.056521739130446,24.0,22.0,2.0,-9.4,-9.05,-8.870000000000001,-29.900000000000002,0,0,0,1,0,0,0,0,0,0,0,0,0,1,0,0,1,0,0,0,0,0,1,1,0,0,0,0,1,0,0,0,0,0,1,0,1,0,0,0,0,0,1,71.60494114393447,-54.329193635628826,54.329193635628826,1
CTGCTTTAGCTCCTTCATGGAGATATAGCCACTG,0.0,CTGC,TTTA,GCTCCTTCATGGAGATATAGCCA,GCTCCTTC,ATGGAGAT,ATAGCCA,CTG,1,0,0.47058823529411764,0.0,0.4782608695652174,0.625,0.375,0.42857142857142855,55.27391304347827,26.0,20.0,6.0,-10.24,-8.93,-8.27,-29.470000000000002,0,0,0,1,0,0,0,0,0,0,0,0,0,1,0,0,1,0,0,0,0,0,1,0,1,0,0,0,1,0,0,0,0,0,1,0,0,0,1,0,1,0,0,65.29646412449699,-65.29646412449699,65.29646412449699,1
CTTCTTTAGCTCTGTTCTTGAGCAGGTTGCTAGA,7.607361963190184,CTTC,TTTA,GCTCTGTTCTTGAGCAGGTTGCT,GCTCTGTT,CTTGAGCA,GGTTGCT,AGA,1,0,0.4411764705882353,0.0,0.5217391304347826,0.5,0.5,0.5714285714285714,57.056521739130446,24.0,22.0,2.0,-9.99,-10.0,-9.25,-31.82,0,0,0,1,0,0,0,0,0,0,0,0,0,1,0,0,1,0,0,0,0,0,1,0,1,0,0,0,0,0,1,0,0,1,0,0,0,0,1,0,0,0,1,58.4023005756487,-50.794938612458516,50.794938612458516,1
TGTCTTTAGCTCTTAATTTCTTGATGATGTTAGA,0.0,TGTC,TTTA,GCTCTTAATTTCTTGATGATGTT,GCTCTTAA,TTTCTTGA,TGATGTT,AGA,1,0,0.29411764705882354,0.0,0.30434782608695654,0.375,0.25,0.2857142857142857,48.14347826086957,22.0,18.0,4.0,-8.68,-8.33,-7.52,-26.29,0,0,0,1,0,0,0,0,0,0,0,0,0,1,0,0,1,0,0,0,0,0,1,0,1,0,0,0,0,0,1,0,0,0,1,1,0,0,0,1,0,0,0,54.957721379247815,-54.957721379247815,54.957721379247815,1
CCGGTTTAGGACAGCCTGGCCCTGGGTGTACACG,0.0,CCGG,TTTA,GGACAGCCTGGCCCTGGGTGTAC,GGACAGCC,TGGCCCTG,GGTGTAC,ACG,1,0,0.6470588235294118,0.0,0.6956521739130435,0.75,0.75,0.5714285714285714,64.18695652173913,28.0,22.0,6.0,-11.39,-11.940000000000001,-8.19,-34.64,0,0,0,1,0,0,0,0,0,1,0,0,0,1,0,0,0,1,0,1,0,0,0,0,1,0,0,1,0,0,0,0,0,1,0,0,1,0,0,0,1,0,0,68.20636108530422,-68.20636108530422,68.20636108530422,1
TAGGTTTAGGACTGGAGACAGATGCCACAGAGGA,0.0,TAGG,TTTA,GGACTGGAGACAGATGCCACAGA,GGACTGGA,GACAGATG,CCACAGA,GGA,1,0,0.5,0.0,0.5652173913043478,0.625,0.5,0.5714285714285714,58.83913043478262,26.0,22.0,4.0,-10.45,-9.1,-8.76,-31.830000000000002,0,0,0,1,0,0,0,0,0,1,0,0,0,1,0,0,0,1,0,1,0,0,0,0,1,0,0,0,0,0,1,0,0,1,0,0,0,1,0,1,0,0,0,69.12228961484979,-69.12228961484979,69.12228961484979,1
AAAGTTTAGGCAGCTCCTCTCGGGTCAGGGGGGG,99.51690821256038,AAAG,TTTA,GGCAGCTCCTCTCGGGTCAGGGG,GGCAGCTC,CTCTCGGG,TCAGGGG,GGG,1,1,0.6176470588235294,0.0,0.7391304347826086,0.75,0.75,0.7142857142857143,65.9695652173913,28.0,24.0,4.0,-11.63,-11.01,-9.55,-35.47,0,0,1,1,0,0,0,0,0,1,0,0,0,1,0,0,0,1,0,0,1,0,0,1,0,0,0,0,0,1,0,0,1,0,0,0,0,0,1,0,1,0,0,48.4561668702186,51.06074134234178,51.06074134234178,1
CTCCTTTAGGCGGTTCAGCTGTCATCCCCCGCAG,0.2964426877470355,CTCC,TTTA,GGCGGTTCAGCTGTCATCCCCCG,GGCGGTTC,AGCTGTCA,TCCCCCG,CAG,1,0,0.6176470588235294,0.0,0.6956521739130435,0.75,0.5,0.8571428571428571,64.18695652173913,28.0,26.0,2.0,-11.83,-10.44,-10.83,-35.43,0,0,0,1,0,0,0,0,0,1,0,0,0,1,0,0,0,1,0,0,1,0,0,0,0,1,0,0,0,1,0,0,0,0,1,0,0,0,1,0,1,0,0,65.06067319929934,-64.76423051155231,64.76423051155231,1
GCGGTTTAGGGACTCGGTCCTGTCGATGAGCTGC,0.0,GCGG,TTTA,GGGACTCGGTCCTGTCGATGAGC,GGGACTCG,GTCCTGTC,GATGAGC,TGC,1,0,0.6176470588235294,0.0,0.6521739130434783,0.75,0.625,0.5714285714285714,62.40434782608696,28.0,22.0,6.0,-11.17,-10.05,-8.450000000000001,-33.68,0,0,0,1,0,0,0,0,0,1,0,0,0,1,0,0,0,1,0,0,0,1,0,1,0,0,0,0,1,0,0,0,0,0,1,0,1,0,0,0,0,1,0,59.15098043407858,-59.15098043407858,59.15098043407858,1
CAGGTTTAGGGCTTCCATGCTGCCACTGGTTACA,0.7518796992481203,CAGG,TTTA,GGGCTTCCATGCTGCCACTGGTT,GGGCTTCC,ATGCTGCC,ACTGGTT,ACA,1,0,0.5294117647058824,0.0,0.6086956521739131,0.75,0.625,0.42857142857142855,60.62173913043479,28.0,20.0,8.0,-11.34,-11.38,-8.45,-34.07,0,0,0,1,0,0,0,0,0,1,0,0,0,1,0,0,0,1,0,0,0,1,0,0,1,0,0,0,0,0,1,0,0,0,1,0,1,0,0,0,1,0,0,61.77992867289619,-61.02804897364807,61.02804897364807,1
CAGTTTTAGGGGAAGATCTAGGTGTGTGACGTCT,0.4854368932038834,CAGT,TTTA,GGGGAAGATCTAGGTGTGTGACG,GGGGAAGA,TCTAGGTG,TGTGACG,TCT,1,0,0.47058823529411764,0.0,0.5652173913043478,0.625,0.5,0.5714285714285714,58.83913043478262,26.0,22.0,4.0,-10.4,-9.17,-9.25,-31.14,0,0,1,1,0,0,0,0,0,1,0,0,0,1,0,0,0,1,0,0,0,1,0,0,0,1,0,1,0,0,0,1,0,0,0,0,0,1,0,1,0,0,0,78.50450209984973,-78.01906520664585,78.01906520664585,1
TGTGTTTAGTCCCGCACTTACAGACGGCTCGCTG,100.0,TGTG,TTTA,GTCCCGCACTTACAGACGGCTCG,GTCCCGCA,CTTACAGA,CGGCTCG,CTG,1,1,0.5588235294117647,0.0,0.6521739130434783,0.75,0.375,0.8571428571428571,62.40434782608696,28.0,26.0,2.0,-12.280000000000001,-8.33,-11.0,-34.49,0,0,0,1,0,0,0,0,0,0,0,0,0,1,0,0,0,0,1,0,1,0,0,0,1,0,0,0,1,0,0,0,0,1,0,0,1,0,0,1,0,0,0,47.013669086736705,52.986330913263295,52.986330913263295,1
GGCTTTTAGTTCCCTGGCCCGGGACATCTTGCTC,0.0,GGCT,TTTA,GTTCCCTGGCCCGGGACATCTTG,GTTCCCTG,GCCCGGGA,CATCTTG,CTC,1,0,0.5882352941176471,0.0,0.6521739130434783,0.625,0.875,0.42857142857142855,62.40434782608696,26.0,20.0,6.0,-10.15,-13.07,-7.36,-33.86,0,0,0,1,0,0,0,0,0,0,0,0,0,1,0,0,0,0,1,0,0,0,1,0,1,0,0,0,1,0,0,0,1,0,0,0,0,0,1,0,0,1,0,62.48449957261584,-62.48449957261584,62.48449957261584,1
CTCCTTTAGTTCTGACTTGTTGAGCTTGAACTTG,0.0,CTCC,TTTA,GTTCTGACTTGTTGAGCTTGAAC,GTTCTGAC,TTGTTGAG,CTTGAAC,TTG,1,0,0.4117647058823529,0.0,0.43478260869565216,0.5,0.375,0.42857142857142855,53.491304347826095,24.0,20.0,4.0,-9.21,-8.92,-7.47,-29.12,0,0,0,1,0,0,0,0,0,0,0,0,0,1,0,0,0,0,1,0,0,0,1,0,1,0,0,0,0,0,1,0,0,1,0,1,0,0,0,0,1,0,0,68.48715570237223,-68.48715570237223,68.48715570237223,1
GCAGTTTATAACGGAGCTGTCTCCCTCTCGGACA,0.0,GCAG,TTTA,TAACGGAGCTGTCTCCCTCTCGG,TAACGGAG,CTGTCTCC,CTCTCGG,ACA,1,0,0.5294117647058824,0.0,0.6086956521739131,0.5,0.625,0.7142857142857143,60.62173913043479,24.0,24.0,0.0,-9.61,-9.89,-9.17,-32.75,0,0,0,1,0,0,0,0,0,0,0,0,0,0,1,1,0,0,0,1,0,0,0,0,1,0,0,0,0,1,0,0,0,1,0,1,0,0,0,0,0,1,0,51.741910789894774,-51.741910789894774,51.741910789894774,1
ACTCTTTATATCAACACTACTTTGCACAAGAGCT,0.0,ACTC,TTTA,TATCAACACTACTTTGCACAAGA,TATCAACA,CTACTTTG,CACAAGA,GCT,1,0,0.35294117647058826,0.0,0.34782608695652173,0.25,0.375,0.42857142857142855,49.92608695652175,20.0,20.0,0.0,-8.1,-8.03,-7.92,-27.73,0,0,0,1,0,0,0,0,0,0,0,0,0,0,1,1,0,0,0,0,0,0,1,0,1,0,0,1,0,0,0,1,0,0,0,0,1,0,0,1,0,0,0,62.06393230137314,-62.06393230137314,62.06393230137314,1
TACATTTATATGGCTTCTCAAATAGCTCGTATCC,100.0,TACA,TTTA,TATGGCTTCTCAAATAGCTCGTA,TATGGCTT,CTCAAATA,GCTCGTA,TCC,1,1,0.35294117647058826,0.0,0.391304347826087,0.375,0.25,0.5714285714285714,51.70869565217392,22.0,22.0,0.0,-9.27,-7.49,-9.01,-28.35,0,0,0,1,0,0,0,0,0,0,0,0,0,0,1,1,0,0,0,0,0,0,1,0,0,1,0,0,0,1,0,0,1,0,0,0,0,0,1,0,0,0,1,51.86453120633386,48.13546879366614,48.13546879366614,1
GCCCTTTATATTAATCGAGATGAGGACATCGCAC,0.0,GCCC,TTTA,TATTAATCGAGATGAGGACATCG,TATTAATC,GAGATGAG,GACATCG,CAC,1,0,0.4411764705882353,0.0,0.391304347826087,0.125,0.5,0.5714285714285714,51.70869565217392,18.0,22.0,-4.0,-6.22,-8.790000000000001,-8.54,-27.56,0,0,0,1,0,0,0,0,0,0,0,0,0,0,1,1,0,0,0,0,0,0,1,0,0,0,1,1,0,0,0,1,0,0,0,0,0,0,1,0,1,0,0,60.72249563172532,-60.72249563172532,60.72249563172532,1
CCACTTTATCAAACCGCTGCTGCTGAGCGAGGTC,0.2053388090349076,CCAC,TTTA,TCAAACCGCTGCTGCTGAGCGAG,TCAAACCG,CTGCTGCT,GAGCGAG,GTC,1,0,0.5588235294117647,0.0,0.6086956521739131,0.5,0.625,0.7142857142857143,60.62173913043479,24.0,24.0,0.0,-10.2,-11.22,-9.57,-34.68,0,0,0,1,0,0,0,0,0,0,0,0,0,0,1,0,1,0,0,1,0,0,0,1,0,0,0,1,0,0,0,0,1,0,0,0,1,0,0,0,0,1,0,52.15294121543097,-51.947602406396065,51.947602406396065,1
TTCCTTTATCCACACTTTGCTTACGCATCTCAGC,8.167613636363637,TTCC,TTTA,TCCACACTTTGCTTACGCATCTC,TCCACACT,TTGCTTAC,GCATCTC,AGC,1,0,0.4411764705882353,0.0,0.4782608695652174,0.5,0.375,0.5714285714285714,55.27391304347827,24.0,22.0,2.0,-10.2,-8.99,-8.450000000000001,-30.81,0,0,0,1,0,0,0,0,0,0,0,0,0,0,1,0,1,0,0,0,1,0,0,1,0,0,0,0,1,0,0,1,0,0,0,0,1,0,0,0,0,0,1,60.371951996202554,-52.204338359838914,52.204338359838914,1
GTTGTTTATCTTTCCCGGGCTCCTCCCGGAAGCA,0.2100840336134453,GTTG,TTTA,TCTTTCCCGGGCTCCTCCCGGAA,TCTTTCCC,GGGCTCCT,CCCGGAA,GCA,1,0,0.5588235294117647,0.0,0.6521739130434783,0.5,0.75,0.7142857142857143,62.40434782608696,24.0,24.0,0.0,-9.56,-11.620000000000001,-9.99,-34.64,0,0,0,1,0,0,0,0,0,0,0,0,0,0,1,0,1,0,0,0,0,0,1,0,0,0,1,0,0,0,1,0,1,0,0,0,1,0,0,0,1,0,0,57.003528256455844,-56.793444222842396,56.793444222842396,1
ATCATTTATGACAGAAAGTTTCTGTTGGATCGTC,10.416666666666668,ATCA,TTTA,TGACAGAAAGTTTCTGTTGGATC,TGACAGAA,AGTTTCTG,TTGGATC,GTC,1,0,0.35294117647058826,0.0,0.391304347826087,0.375,0.375,0.42857142857142855,51.70869565217392,22.0,20.0,2.0,-9.22,-8.75,-7.7700000000000005,-28.18,0,0,0,1,0,0,0,0,0,0,0,0,0,0,1,0,0,1,0,1,0,0,0,0,1,0,0,1,0,0,0,0,0,1,0,1,0,0,0,1,0,0,0,63.52362373824873,-53.10695707158206,53.10695707158206,1
CGGGTTTATGATATTCCACCTAAGTTCTTTTACA,93.80300065231572,CGGG,TTTA,TGATATTCCACCTAAGTTCTTTT,TGATATTC,CACCTAAG,TTCTTTT,ACA,1,1,0.35294117647058826,0.0,0.30434782608695654,0.25,0.5,0.14285714285714285,48.14347826086957,20.0,16.0,4.0,-7.39,-8.87,-6.58,-26.12,1,0,0,1,0,0,0,0,0,0,0,0,0,0,1,0,0,1,0,1,0,0,0,0,0,0,1,1,0,0,0,0,0,0,1,0,0,0,1,0,1,0,0,20.380608017779906,73.42239263453581,73.42239263453581,1
TGCCTTTATGATTATTACTGTCTTGGCTACAGGT,100.0,TGCC,TTTA,TGATTATTACTGTCTTGGCTACA,TGATTATT,ACTGTCTT,GGCTACA,GGT,1,1,0.38235294117647056,0.0,0.34782608695652173,0.125,0.375,0.5714285714285714,49.92608695652175,18.0,22.0,-4.0,-7.09,-9.19,-8.83,-27.14,0,0,0,1,0,0,0,0,0,0,0,0,0,0,1,0,0,1,0,1,0,0,0,0,0,0,1,0,0,0,1,1,0,0,0,0,0,0,1,0,0,0,1,41.455960634661736,58.544039365338264,58.544039365338264,1
CTGGTTTATGCTGGGACTTCGAGACGGCAGGCCT,0.4552352048558422,CTGG,TTTA,TGCTGGGACTTCGAGACGGCAGG,TGCTGGGA,CTTCGAGA,CGGCAGG,CCT,1,0,0.5882352941176471,0.0,0.6521739130434783,0.625,0.5,0.8571428571428571,62.40434782608696,26.0,26.0,0.0,-11.4,-9.63,-10.82,-34.730000000000004,0,0,0,1,0,0,0,0,0,0,0,0,0,0,1,0,0,1,0,0,1,0,0,0,0,0,1,0,0,1,0,0,0,1,0,0,0,1,0,1,0,0,0,48.23543331538003,-47.78019811052419,47.78019811052419,1
GTTGTTTATGCTGTAATTCAGGTCCGTGTAGAGC,0.0,GTTG,TTTA,TGCTGTAATTCAGGTCCGTGTAG,TGCTGTAA,TTCAGGTC,CGTGTAG,AGC,1,0,0.4411764705882353,0.0,0.4782608695652174,0.375,0.5,0.5714285714285714,55.27391304347827,22.0,22.0,0.0,-9.44,-9.61,-8.36,-30.13,0,0,0,1,0,0,0,0,0,0,0,0,0,0,1,0,0,1,0,0,1,0,0,0,0,0,1,0,0,1,0,0,0,0,1,1,0,0,0,1,0,0,0,58.16393035571784,-58.16393035571784,58.16393035571784,1
CTTTTTTATGGCTCAGCCATCTACACATATCTCC,15.783898305084746,CTTT,TTTA,TGGCTCAGCCATCTACACATATC,TGGCTCAG,CCATCTAC,ACATATC,TCC,1,0,0.4117647058823529,0.0,0.4782608695652174,0.625,0.5,0.2857142857142857,55.27391304347827,26.0,18.0,8.0,-10.84,-8.77,-6.53,-29.830000000000002,0,0,0,1,0,0,0,0,0,0,0,0,0,0,1,0,0,1,0,0,0,1,0,0,1,0,0,0,0,0,1,0,1,0,0,1,0,0,0,0,0,1,0,64.54394226753982,-48.76004396245507,48.76004396245507,1
CCACTTTATGTGTGAAACTTCTCCTATTCTGCAG,0.0,CCAC,TTTA,TGTGTGAAACTTCTCCTATTCTG,TGTGTGAA,ACTTCTCC,TATTCTG,CAG,1,0,0.4117647058823529,0.0,0.391304347826087,0.375,0.5,0.2857142857142857,51.70869565217392,22.0,18.0,4.0,-9.53,-9.44,-6.49,-27.74,0,0,0,1,0,0,0,0,0,0,0,0,0,0,1,0,0,1,0,0,0,0,1,0,0,1,0,0,0,0,1,0,0,1,0,1,0,0,0,1,0,0,0,73.12633523342797,-73.12633523342797,73.12633523342797,1
TTGTTTTATGTTAATATCATCTCCTTTTTCCATC,79.12529550827423,TTGT,TTTA,TGTTAATATCATCTCCTTTTTCC,TGTTAATA,TCATCTCC,TTTTTCC,ATC,1,1,0.2647058823529412,0.0,0.30434782608695654,0.125,0.5,0.2857142857142857,48.14347826086957,18.0,18.0,0.0,-6.93,-9.35,-7.140000000000001,-25.580000000000002,1,1,0,1,0,0,0,0,0,0,0,0,0,0,1,0,0,1,0,0,0,0,1,0,0,0,1,1,0,0,0,1,0,0,0,0,0,0,1,1,0,0,0,16.907548605094913,62.21774690317932,62.21774690317932,1
ATGGTTTATTACTAATCATCACACCTGATTCCTC,90.33989266547408,ATGG,TTTA,TTACTAATCATCACACCTGATTC,TTACTAAT,CATCACAC,CTGATTC,CTC,1,1,0.35294117647058826,0.0,0.34782608695652173,0.125,0.5,0.42857142857142855,49.92608695652175,18.0,20.0,-2.0,-6.76,-9.41,-7.21,-26.52,0,0,0,1,0,0,0,1,0,0,0,0,0,0,1,0,0,0,1,1,0,0,0,0,1,0,0,0,0,0,1,1,0,0,0,1,0,0,0,0,0,0,1,39.959621309748236,50.380271355725846,50.380271355725846,1
ATTCTTTATTCCCATGGCGGAGGGACAGCGGCTT,0.0,ATTC,TTTA,TTCCCATGGCGGAGGGACAGCGG,TTCCCATG,GCGGAGGG,ACAGCGG,CTT,1,0,0.5294117647058824,0.0,0.6956521739130435,0.5,0.875,0.7142857142857143,64.18695652173913,24.0,24.0,0.0,-9.76,-12.51,-10.42,-35.83,0,0,0,1,0,0,0,1,0,0,0,0,0,0,1,0,0,0,1,0,1,0,0,0,1,0,0,0,1,0,0,1,0,0,0,0,0,0,1,0,0,1,0,54.373475181778105,-54.373475181778105,54.373475181778105,1
TACCTTTATTCTCCAGTTGTCCCCAACATCCTCT,7.965970610982212,TACC,TTTA,TTCTCCAGTTGTCCCCAACATCC,TTCTCCAG,TTGTCCCC,AACATCC,TCT,1,0,0.4411764705882353,0.0,0.5217391304347826,0.5,0.625,0.42857142857142855,57.056521739130446,24.0,20.0,4.0,-9.45,-10.71,-7.91,-30.96,0,0,0,1,0,0,0,1,0,0,0,0,0,0,1,0,0,0,1,0,1,0,0,0,0,0,1,0,1,0,0,0,1,0,0,1,0,0,0,0,0,1,0,60.44367616686531,-52.4777055558831,52.4777055558831,1
GTCCTTTATTGACATCTGCCACTCATCTGTCACT,0.0,GTCC,TTTA,TTGACATCTGCCACTCATCTGTC,TTGACATC,TGCCACTC,ATCTGTC,ACT,1,0,0.4411764705882353,0.0,0.4782608695652174,0.375,0.625,0.42857142857142855,55.27391304347827,22.0,20.0,2.0,-8.82,-11.0,-7.65,-30.2,0,0,0,1,0,0,0,1,0,0,0,0,0,0,1,0,0,0,1,0,0,1,0,1,0,0,0,0,1,0,0,1,0,0,0,0,0,0,1,0,1,0,0,56.41527529158655,-56.41527529158655,56.41527529158655,1
TTCATTTATTGGGGCTGGATCCCCCAGCCTTGTT,0.2710027100271002,TTCA,TTTA,TTGGGGCTGGATCCCCCAGCCTT,TTGGGGCT,GGATCCCC,CAGCCTT,GTT,1,0,0.5,0.0,0.6521739130434783,0.625,0.75,0.5714285714285714,62.40434782608696,26.0,22.0,4.0,-11.49,-10.84,-9.09,-34.71,0,0,1,1,0,0,0,1,0,0,0,0,0,0,1,0,0,0,1,0,0,1,0,0,0,1,0,0,0,1,0,0,0,1,0,0,1,0,0,0,0,0,1,50.90182408956295,-50.63082137953585,50.63082137953585,1
GCCCTTTCAACCCTCCAGAGACATGAGACTAGTG,0.0,GCCC,TTTC,AACCCTCCAGAGACATGAGACTA,AACCCTCC,AGAGACAT,GAGACTA,GTG,1,0,0.5294117647058824,0.25,0.4782608695652174,0.625,0.375,0.42857142857142855,55.27391304347827,26.0,20.0,6.0,-10.540000000000001,-8.93,-7.18,-29.55,0,0,0,0,1,0,0,0,0,0,0,1,0,0,0,1,0,0,0,0,1,0,0,0,1,0,0,0,1,0,0,0,0,0,1,0,1,0,0,0,1,0,0,69.1213663005627,-69.1213663005627,69.1213663005627,1
CCTGTTTCAAGAGAAGGGCTACAACAAGGAGCTC,19.596541786743515,CCTG,TTTC,AAGAGAAGGGCTACAACAAGGAG,AAGAGAAG,GGCTACAA,CAAGGAG,CTC,1,0,0.5,0.25,0.4782608695652174,0.375,0.5,0.5714285714285714,55.27391304347827,22.0,22.0,0.0,-8.44,-9.83,-8.15,-29.7,0,0,0,0,1,0,0,0,0,0,0,1,0,0,0,1,0,0,0,0,0,1,0,1,0,0,0,0,0,1,0,1,0,0,0,1,0,0,0,0,0,1,0,76.14957564473374,-56.55303385799023,56.55303385799023,1
GCCATTTCAATGCCGCTCGGACAGAGCCTGGTGG,9.295774647887324,GCCA,TTTC,AATGCCGCTCGGACAGAGCCTGG,AATGCCGC,TCGGACAG,AGCCTGG,TGG,1,0,0.6176470588235294,0.25,0.6521739130434783,0.625,0.625,0.7142857142857143,62.40434782608696,26.0,24.0,2.0,-11.82,-10.78,-9.93,-35.11,0,0,0,0,1,0,0,0,0,0,0,1,0,0,0,1,0,0,0,0,0,0,1,0,0,1,0,0,1,0,0,0,1,0,0,0,0,1,0,0,1,0,0,62.344882187837435,-53.049107539950114,53.049107539950114,1
TTCCTTTCACCTACAAGGGATCTGTTTACTTCAC,8.286038592508513,TTCC,TTTC,ACCTACAAGGGATCTGTTTACTT,ACCTACAA,GGGATCTG,TTTACTT,CAC,1,0,0.4117647058823529,0.25,0.391304347826087,0.375,0.625,0.14285714285714285,51.70869565217392,22.0,16.0,6.0,-9.03,-9.89,-6.3,-27.94,0,0,0,0,1,0,0,0,0,0,0,1,0,0,0,0,1,0,0,0,1,0,0,0,0,0,1,1,0,0,0,0,1,0,0,1,0,0,0,1,0,0,0,80.0340716643253,-71.74803307181678,71.74803307181678,1
TGCCTTTCACGTACCTGCCTCGCGACCATGGTAA,3.463203463203463,TGCC,TTTC,ACGTACCTGCCTCGCGACCATGG,ACGTACCT,GCCTCGCG,ACCATGG,TAA,1,0,0.5588235294117647,0.25,0.6521739130434783,0.5,0.875,0.5714285714285714,62.40434782608696,24.0,22.0,2.0,-10.19,-13.24,-8.9,-35.08,0,0,0,0,1,0,0,0,0,0,0,1,0,0,0,0,1,0,0,0,0,1,0,0,0,0,1,1,0,0,0,0,1,0,0,0,1,0,0,0,0,0,1,52.21330723824784,-48.75010377504438,48.75010377504438,1
CCTCTTTCACGTGGTCTGTGCCAAGCTCTGGCTA,13.30603889457523,CCTC,TTTC,ACGTGGTCTGTGCCAAGCTCTGG,ACGTGGTC,TGTGCCAA,GCTCTGG,CTA,1,0,0.5588235294117647,0.25,0.6086956521739131,0.625,0.5,0.7142857142857143,60.62173913043479,26.0,24.0,2.0,-11.08,-10.870000000000001,-9.39,-33.9,0,0,0,0,1,0,0,0,0,0,0,1,0,0,0,0,1,0,0,0,0,1,0,0,0,0,1,0,0,1,0,0,0,1,0,0,0,0,1,0,1,0,0,62.19574380074628,-48.88970490617105,48.88970490617105,1
TAGATTTCACTGGAGAAGTAGCTTTCTGAAACAT,40.44585987261146,TAGA,TTTC,ACTGGAGAAGTAGCTTTCTGAAA,ACTGGAGA,AGTAGCTT,TCTGAAA,CAT,1,1,0.35294117647058826,0.25,0.391304347826087,0.5,0.375,0.2857142857142857,51.70869565217392,24.0,18.0,6.0,-9.89,-9.1,-7.33,-28.32,0,0,0,0,1,0,0,0,0,0,0,1,0,0,0,0,1,0,0,0,0,0,1,0,0,1,0,0,0,1,0,1,0,0,0,0,0,1,0,1,0,0,0,88.45750183440644,-48.011641961794986,48.011641961794986,1
CCCATTTCACTGGCATTTATTAGGTTCAGGGCCT,0.0,CCCA,TTTC,ACTGGCATTTATTAGGTTCAGGG,ACTGGCAT,TTATTAGG,TTCAGGG,CCT,1,0,0.47058823529411764,0.25,0.43478260869565216,0.5,0.25,0.5714285714285714,53.491304347826095,24.0,22.0,2.0,-10.58,-7.16,-8.71,-28.89,0,0,0,0,1,0,0,0,0,0,0,1,0,0,0,0,1,0,0,0,0,0,1,0,0,1,0,0,0,1,0,0,1,0,0,1,0,0,0,0,0,0,1,71.00229141866578,-71.00229141866578,71.00229141866578,1
TGAGTTTCACTGTGGCCTTGGGCCTCAGAGATGG,0.0,TGAG,TTTC,ACTGTGGCCTTGGGCCTCAGAGA,ACTGTGGC,CTTGGGCC,TCAGAGA,TGG,1,0,0.5588235294117647,0.25,0.6086956521739131,0.625,0.75,0.42857142857142855,60.62173913043479,26.0,20.0,6.0,-11.14,-11.49,-7.91,-33.660000000000004,0,0,0,0,1,0,0,0,0,0,0,1,0,0,0,0,1,0,0,0,0,0,1,0,0,1,0,0,0,0,1,0,0,1,0,0,0,1,0,0,1,0,0,77.7754573107773,-77.7754573107773,77.7754573107773,1
CCTTTTTCACTTCAAAGCGCTTCTTGCCCGCGCC,0.0,CCTT,TTTC,ACTTCAAAGCGCTTCTTGCCCGC,ACTTCAAA,GCGCTTCT,TGCCCGC,GCC,1,0,0.5588235294117647,0.25,0.5652173913043478,0.25,0.625,0.8571428571428571,58.83913043478262,20.0,26.0,-6.0,-8.47,-11.51,-11.780000000000001,-34.04,0,0,0,0,1,0,0,0,0,0,0,1,0,0,0,0,1,0,0,0,0,0,1,0,0,0,1,0,1,0,0,1,0,0,0,1,0,0,0,1,0,0,0,65.41269769772508,-65.41269769772508,65.41269769772508,1
TATCTTTCACTTTATTGTCAGTCTTACAGTCTTG,0.0,TATC,TTTC,ACTTTATTGTCAGTCTTACAGTC,ACTTTATT,GTCAGTCT,TACAGTC,TTG,1,0,0.3235294117647059,0.25,0.34782608695652173,0.125,0.5,0.42857142857142855,49.92608695652175,18.0,20.0,-2.0,-7.18,-9.49,-7.49,-26.61,0,0,0,0,1,0,0,0,0,0,0,1,0,0,0,0,1,0,0,0,0,0,1,0,0,0,1,0,0,0,1,1,0,0,0,0,0,0,1,0,0,0,1,55.724640576052515,-55.724640576052515,55.724640576052515,1
AAGGTTTCAGAAGACTCAGTACCTCGCCTTGCCG,17.271407837445572,AAGG,TTTC,AGAAGACTCAGTACCTCGCCTTG,AGAAGACT,CAGTACCT,CGCCTTG,CCG,1,0,0.5294117647058824,0.25,0.5217391304347826,0.375,0.5,0.7142857142857143,57.056521739130446,22.0,24.0,-2.0,-8.88,-9.31,-9.98,-30.77,0,0,0,0,1,0,0,0,0,0,0,1,0,0,0,0,0,1,0,1,0,0,0,1,0,0,0,0,0,1,0,1,0,0,0,0,1,0,0,0,0,0,1,69.2284509096868,-51.95704307224123,51.95704307224123,1
TCCTTTTCAGAGACTGAGGTCTCACTGCTGTCTG,21.986754966887418,TCCT,TTTC,AGAGACTGAGGTCTCACTGCTGT,AGAGACTG,AGGTCTCA,CTGCTGT,CTG,1,1,0.5,0.25,0.5217391304347826,0.5,0.5,0.5714285714285714,57.056521739130446,24.0,22.0,2.0,-9.33,-9.89,-9.14,-31.1,0,0,0,0,1,0,0,0,0,0,0,1,0,0,0,0,0,1,0,1,0,0,0,0,0,1,0,1,0,0,0,0,1,0,0,0,0,0,1,0,0,1,0,71.4949961984123,-49.50824123152488,49.50824123152488,1
GAATTTTCAGATCATCAGTTCTTATCCAGATGAT,0.0,GAAT,TTTC,AGATCATCAGTTCTTATCCAGAT,AGATCATC,AGTTCTTA,TCCAGAT,GAT,1,0,0.3235294117647059,0.25,0.34782608695652173,0.375,0.25,0.42857142857142855,49.92608695652175,22.0,20.0,2.0,-8.39,-7.88,-8.05,-26.65,0,0,0,0,1,0,0,0,0,0,0,1,0,0,0,0,0,1,0,1,0,0,0,0,0,0,1,0,1,0,0,1,0,0,0,0,0,0,1,0,1,0,0,60.8303280974821,-60.8303280974821,60.8303280974821,1
CAACTTTCAGATCCACTGGGAGGGCCAGGAAATA,26.190476190476197,CAAC,TTTC,AGATCCACTGGGAGGGCCAGGAA,AGATCCAC,TGGGAGGG,CCAGGAA,ATA,1,1,0.5,0.25,0.6086956521739131,0.5,0.75,0.5714285714285714,60.62173913043479,24.0,22.0,2.0,-9.49,-11.39,-8.71,-33.11,0,0,0,0,1,0,0,0,0,0,0,1,0,0,0,0,0,1,0,1,0,0,0,0,0,0,1,0,1,0,0,0,1,0,0,1,0,0,0,0,1,0,0,75.44806754317013,-49.25759135269393,49.25759135269393,1
TGTGTTTCAGCAAAAGAGGGCCTATCGGCAGGGC,9.375,TGTG,TTTC,AGCAAAAGAGGGCCTATCGGCAG,AGCAAAAG,AGGGCCTA,TCGGCAG,GGC,1,0,0.5588235294117647,0.25,0.5652173913043478,0.375,0.625,0.7142857142857143,58.83913043478262,22.0,24.0,-2.0,-9.25,-10.9,-10.280000000000001,-32.61,0,0,0,0,1,0,0,0,0,0,0,1,0,0,0,0,0,1,0,0,1,0,0,1,0,0,0,1,0,0,0,1,0,0,0,1,0,0,0,0,0,1,0,65.24390504594014,-55.86890504594014,55.86890504594014,1
GACCTTTCAGCAGCTCCTGAAACTCGTGAAGCAG,0.0,GACC,TTTC,AGCAGCTCCTGAAACTCGTGAAG,AGCAGCTC,CTGAAACT,CGTGAAG,CAG,1,0,0.5294117647058824,0.25,0.5217391304347826,0.625,0.375,0.5714285714285714,57.056521739130446,26.0,22.0,4.0,-11.07,-8.75,-8.64,-31.6,0,0,0,0,1,0,0,0,0,0,0,1,0,0,0,0,0,1,0,0,1,0,0,1,0,0,0,0,0,1,0,0,1,0,0,0,0,0,1,0,1,0,0,60.74081876222517,-60.74081876222517,60.74081876222517,1
CGCCTTTCAGCCATCCCTCGTCATCCTGGGCCAC,7.328072153325817,CGCC,TTTC,AGCCATCCCTCGTCATCCTGGGC,AGCCATCC,CTCGTCAT,CCTGGGC,CAC,1,0,0.6470588235294118,0.25,0.6521739130434783,0.625,0.5,0.8571428571428571,62.40434782608696,26.0,26.0,0.0,-10.83,-9.82,-10.49,-34.28,0,0,0,0,1,0,0,0,0,0,0,1,0,0,0,0,0,1,0,0,1,0,0,0,1,0,0,1,0,0,0,0,0,0,1,0,1,0,0,0,1,0,0,59.07613632758491,-51.7480641742591,51.7480641742591,1
TCATTTTCAGCCCACTTGAGCCACTGGGCTACGT,0.2036659877800407,TCAT,TTTC,AGCCCACTTGAGCCACTGGGCTA,AGCCCACT,TGAGCCAC,TGGGCTA,CGT,1,0,0.5294117647058824,0.25,0.6086956521739131,0.625,0.625,0.5714285714285714,60.62173913043479,26.0,22.0,4.0,-11.370000000000001,-11.0,-9.23,-33.88,0,0,0,0,1,0,0,0,0,0,0,1,0,0,0,0,0,1,0,0,1,0,0,0,1,0,0,0,1,0,0,1,0,0,0,0,1,0,0,0,0,0,1,66.33604807350201,-66.13238208572197,66.13238208572197,1
TGCGTTTCAGCGACACTTATCCACCAGTTTTGGA,100.0,TGCG,TTTC,AGCGACACTTATCCACCAGTTTT,AGCGACAC,TTATCCAC,CAGTTTT,GGA,1,1,0.47058823529411764,0.25,0.43478260869565216,0.625,0.375,0.2857142857142857,53.491304347826095,26.0,18.0,8.0,-11.32,-8.49,-7.17,-30.1,1,0,0,0,1,0,0,0,0,0,0,1,0,0,0,0,0,1,0,0,1,0,0,0,0,1,0,1,0,0,0,0,1,0,0,1,0,0,0,0,1,0,0,43.94504948033489,56.05495051966511,56.05495051966511,1
GGCGTTTCAGCGCGTACACCACATCCATGGCCGT,100.0,GGCG,TTTC,AGCGCGTACACCACATCCATGGC,AGCGCGTA,CACCACAT,CCATGGC,CGT,1,1,0.6176470588235294,0.25,0.6086956521739131,0.625,0.5,0.7142857142857143,60.62173913043479,26.0,24.0,2.0,-12.120000000000001,-9.95,-9.700000000000001,-34.51,0,0,0,0,1,0,0,0,0,0,0,1,0,0,0,0,0,1,0,0,1,0,0,0,0,1,0,0,1,0,0,0,0,1,0,0,0,0,1,1,0,0,0,47.551761273729426,52.448238726270574,52.448238726270574,1
GGATTTTCAGCGGCACCAGAATATGGGCCTGGTG,0.0,GGAT,TTTC,AGCGGCACCAGAATATGGGCCTG,AGCGGCAC,CAGAATAT,GGGCCTG,GTG,1,0,0.5588235294117647,0.25,0.6086956521739131,0.75,0.25,0.8571428571428571,60.62173913043479,28.0,26.0,2.0,-12.66,-7.37,-10.49,-33.81,0,0,0,0,1,0,0,0,0,0,0,1,0,0,0,0,0,1,0,0,1,0,0,0,0,1,0,0,0,1,0,0,1,0,0,1,0,0,0,0,1,0,0,58.00558022049227,-58.00558022049227,58.00558022049227,1
AGCATTTCAGGAGGACTTTTACCTACACCTGACG,97.96747967479676,AGCA,TTTC,AGGAGGACTTTTACCTACACCTG,AGGAGGAC,TTTTACCT,ACACCTG,ACG,1,1,0.47058823529411764,0.25,0.4782608695652174,0.625,0.25,0.5714285714285714,55.27391304347827,26.0,22.0,4.0,-10.280000000000001,-8.14,-8.9,-29.18,1,0,0,0,1,0,0,0,0,0,0,1,0,0,0,0,0,1,0,0,0,1,0,1,0,0,0,0,0,1,0,0,0,1,0,1,0,0,0,0,1,0,0,34.17314869550528,63.79433097929148,63.79433097929148,1
GGGATTTCAGGCATGACCCACCGCGCCCGGCCTC,100.0,GGGA,TTTC,AGGCATGACCCACCGCGCCCGGC,AGGCATGA,CCCACCGC,GCCCGGC,CTC,1,1,0.7058823529411765,0.25,0.782608695652174,0.5,0.875,1.0,67.75217391304349,24.0,28.0,-4.0,-10.44,-12.82,-12.17,-39.04,0,0,0,0,1,0,0,0,0,0,0,1,0,0,0,0,0,1,0,0,0,1,0,0,1,0,0,1,0,0,0,0,0,0,1,0,0,1,0,1,0,0,0,41.549718204827585,58.450281795172415,58.450281795172415,1
TCTCTTTCAGGCCCAACCCCAGGCCTAGGCCCAG,5.214285714285714,TCTC,TTTC,AGGCCCAACCCCAGGCCTAGGCC,AGGCCCAA,CCCCAGGC,CTAGGCC,CAG,1,0,0.6470588235294118,0.25,0.7391304347826086,0.625,0.875,0.7142857142857143,65.9695652173913,26.0,24.0,2.0,-11.49,-12.33,-9.06,-36.160000000000004,0,0,0,0,1,0,0,0,0,0,0,1,0,0,0,0,0,1,0,0,0,1,0,0,1,0,0,0,1,0,0,0,1,0,0,1,0,0,0,1,0,0,0,55.06544211558442,-49.8511564012987,49.8511564012987,1
GAAGTTTCAGGCTGTCTTGCTGCAAGTGGCTTAA,0.2409638554216867,GAAG,TTTC,AGGCTGTCTTGCTGCAAGTGGCT,AGGCTGTC,TTGCTGCA,AGTGGCT,TAA,1,0,0.47058823529411764,0.25,0.5652173913043478,0.625,0.5,0.5714285714285714,58.83913043478262,26.0,22.0,4.0,-10.83,-11.11,-9.530000000000001,-33.75,0,0,0,0,1,0,0,0,0,0,0,1,0,0,0,0,0,1,0,0,0,1,0,0,1,0,0,0,0,0,1,0,0,1,0,0,0,0,1,0,1,0,0,61.656624946832416,-61.415661091410726,61.415661091410726,1
GGGCTTTCAGGCTTCTCTTGAGGCGGAAACTTTT,0.0,GGGC,TTTC,AGGCTTCTCTTGAGGCGGAAACT,AGGCTTCT,CTTGAGGC,GGAAACT,TTT,1,0,0.5,0.25,0.5217391304347826,0.5,0.625,0.42857142857142855,57.056521739130446,24.0,20.0,4.0,-10.22,-10.39,-7.86,-31.94,0,0,0,0,1,0,0,0,0,0,0,1,0,0,0,0,0,1,0,0,0,1,0,0,1,0,0,0,0,0,1,0,0,0,1,0,1,0,0,0,0,0,1,59.99235516083772,-59.99235516083772,59.99235516083772,1
TCTGTTTCAGGCTTGGTGGCCATGACCTCAAACA,0.0,TCTG,TTTC,AGGCTTGGTGGCCATGACCTCAA,AGGCTTGG,TGGCCATG,ACCTCAA,ACA,1,0,0.5,0.25,0.5652173913043478,0.625,0.625,0.42857142857142855,58.83913043478262,26.0,20.0,6.0,-10.93,-11.15,-8.31,-33.13,0,0,0,0,1,0,0,0,0,0,0,1,0,0,0,0,0,1,0,0,0,1,0,0,1,0,0,0,0,0,1,0,0,0,1,0,0,1,0,0,0,1,0,57.1195658155304,-57.1195658155304,57.1195658155304,1
CAGGTTTCAGGGGTCTGGTATTCTATTTTCATGG,87.70949720670392,CAGG,TTTC,AGGGGTCTGGTATTCTATTTTCA,AGGGGTCT,GGTATTCT,ATTTTCA,TGG,1,1,0.4411764705882353,0.25,0.391304347826087,0.625,0.375,0.14285714285714285,51.70869565217392,26.0,16.0,10.0,-10.82,-8.32,-6.63,-27.8,1,0,1,0,1,0,0,0,0,0,0,1,0,0,0,0,0,1,0,0,0,1,0,0,0,1,0,0,0,1,0,0,0,0,1,0,1,0,0,0,0,0,1,36.338467663604874,51.37102954309904,51.37102954309904,1
AACATTTCAGGGTTCTCCAGCATCTCTCGGATTA,0.0,AACA,TTTC,AGGGTTCTCCAGCATCTCTCGGA,AGGGTTCT,CCAGCATC,TCTCGGA,TTA,1,0,0.4411764705882353,0.25,0.5652173913043478,0.5,0.625,0.5714285714285714,58.83913043478262,24.0,22.0,2.0,-9.98,-10.44,-9.19,-32.19,0,0,0,0,1,0,0,0,0,0,0,1,0,0,0,0,0,1,0,0,0,1,0,0,0,1,0,0,0,0,1,0,0,0,1,0,1,0,0,0,0,0,1,67.06976002427378,-67.06976002427378,67.06976002427378,1
ACATTTTCAGGTTCACCCTGCTGGGGGACTTCAT,99.02912621359224,ACAT,TTTC,AGGTTCACCCTGCTGGGGGACTT,AGGTTCAC,CCTGCTGG,GGGACTT,CAT,1,1,0.5,0.25,0.6086956521739131,0.5,0.75,0.5714285714285714,60.62173913043479,24.0,22.0,2.0,-9.75,-11.38,-8.7,-33.51,0,0,1,0,1,0,0,0,0,0,0,1,0,0,0,0,0,1,0,0,0,1,0,0,0,0,1,0,0,0,1,0,1,0,0,1,0,0,0,0,1,0,0,46.414154982581415,52.61497123101082,52.61497123101082,1
TTTCTTTCAGGTTGAAGTGTGACTCTGACCACTT,2.723735408560312,TTTC,TTTC,AGGTTGAAGTGTGACTCTGACCA,AGGTTGAA,GTGTGACT,CTGACCA,CTT,1,0,0.4117647058823529,0.25,0.4782608695652174,0.375,0.5,0.5714285714285714,55.27391304347827,22.0,22.0,0.0,-9.31,-9.8,-8.76,-30.45,0,0,0,0,1,0,0,0,0,0,0,1,0,0,0,0,0,1,0,0,0,1,0,0,0,0,1,0,0,0,1,0,0,1,0,1,0,0,0,1,0,0,0,67.37020023982944,-64.64646483126913,64.64646483126913,1
TACTTTTCAGTGCCTCATTTGTTTGTGCCTTGTG,13.111888111888112,TACT,TTTC,AGTGCCTCATTTGTTTGTGCCTT,AGTGCCTC,ATTTGTTT,GTGCCTT,GTG,1,0,0.4117647058823529,0.25,0.43478260869565216,0.625,0.125,0.5714285714285714,53.491304347826095,26.0,22.0,4.0,-10.83,-7.77,-9.25,-30.75,0,0,0,0,1,0,0,0,0,0,0,1,0,0,0,0,0,1,0,0,0,0,1,0,0,1,0,0,1,0,0,0,1,0,0,0,0,0,1,0,1,0,0,60.92976184456006,-47.81787373267195,47.81787373267195,1
TTCTTTTCAGTGTTGTTCCAGCCACTTGTAAACA,15.765765765765764,TTCT,TTTC,AGTGTTGTTCCAGCCACTTGTAA,AGTGTTGT,TCCAGCCA,CTTGTAA,ACA,1,0,0.38235294117647056,0.25,0.43478260869565216,0.375,0.625,0.2857142857142857,53.491304347826095,22.0,18.0,4.0,-9.5,-11.4,-6.75,-30.09,0,0,0,0,1,0,0,0,0,0,0,1,0,0,0,0,0,1,0,0,0,0,1,0,0,1,0,0,0,0,1,0,0,0,1,0,0,1,0,0,0,0,1,68.23061748973028,-52.464851723964514,52.464851723964514,1
ATGGTTTCATCAAGTACTTCAGGGGCCATGTATC,0.0,ATGG,TTTC,ATCAAGTACTTCAGGGGCCATGT,ATCAAGTA,CTTCAGGG,GCCATGT,ATC,1,0,0.4411764705882353,0.25,0.4782608695652174,0.25,0.625,0.5714285714285714,55.27391304347827,20.0,22.0,-2.0,-7.93,-9.99,-9.3,-30.5,0,0,1,0,1,0,0,0,0,0,0,1,0,0,0,0,0,0,1,0,1,0,0,1,0,0,0,1,0,0,0,0,0,1,0,0,0,0,1,1,0,0,0,57.1056773731088,-57.1056773731088,57.1056773731088,1
AATATTTCATCAATGACAGCTTTATCTTTGATAT,0.0,AATA,TTTC,ATCAATGACAGCTTTATCTTTGA,ATCAATGA,CAGCTTTA,TCTTTGA,TAT,1,0,0.23529411764705882,0.25,0.30434782608695654,0.25,0.375,0.2857142857142857,48.14347826086957,20.0,18.0,2.0,-8.26,-8.83,-7.33,-26.740000000000002,0,0,0,0,1,0,0,0,0,0,0,1,0,0,0,0,0,0,1,0,1,0,0,1,0,0,0,1,0,0,0,0,0,0,1,0,0,1,0,1,0,0,0,49.19001587765984,-49.19001587765984,49.19001587765984,1
TAGTTTTCATCATTGCCAGCCATCACAGTGACCA,0.2564102564102564,TAGT,TTTC,ATCATTGCCAGCCATCACAGTGA,ATCATTGC,CAGCCATC,ACAGTGA,CCA,1,0,0.4411764705882353,0.25,0.4782608695652174,0.375,0.625,0.42857142857142855,55.27391304347827,22.0,20.0,2.0,-9.2,-10.44,-8.36,-31.29,0,0,0,0,1,0,0,0,0,0,0,1,0,0,0,0,0,0,1,0,1,0,0,1,0,0,0,0,0,0,1,0,0,0,1,0,0,1,0,0,1,0,0,55.636734241119186,-55.38032398470893,55.38032398470893,1
GTCTTTTCATCCACCTGGCCTTGAACCGCACACC,100.0,GTCT,TTTC,ATCCACCTGGCCTTGAACCGCAC,ATCCACCT,GGCCTTGA,ACCGCAC,ACC,1,1,0.5588235294117647,0.25,0.6086956521739131,0.5,0.625,0.7142857142857143,60.62173913043479,24.0,24.0,0.0,-10.03,-10.950000000000001,-10.58,-34.01,0,0,0,0,1,0,0,0,0,0,0,1,0,0,0,0,0,0,1,0,1,0,0,0,1,0,0,1,0,0,0,0,1,0,0,0,1,0,0,0,0,0,1,50.876768479483,49.123231520517,49.123231520517,1
TGCTTTTCATCCACTTGGCTTCAGCCGGGTGGTT,0.0,TGCT,TTTC,ATCCACTTGGCTTCAGCCGGGTG,ATCCACTT,GGCTTCAG,CCGGGTG,GTT,1,0,0.5294117647058824,0.25,0.6086956521739131,0.375,0.625,0.8571428571428571,60.62173913043479,22.0,26.0,-4.0,-9.19,-10.39,-10.58,-33.85,0,0,0,0,1,0,0,0,0,0,0,1,0,0,0,0,0,0,1,0,1,0,0,0,1,0,0,1,0,0,0,0,1,0,0,0,0,0,1,0,0,0,1,51.473607067206174,-51.473607067206174,51.473607067206174,1
GCTCTTTCATCGGAGCGTTGTACGCGGAGGAGCG,11.8705035971223,GCTC,TTTC,ATCGGAGCGTTGTACGCGGAGGA,ATCGGAGC,GTTGTACG,CGGAGGA,GCG,1,0,0.6176470588235294,0.25,0.6086956521739131,0.625,0.5,0.7142857142857143,60.62173913043479,26.0,24.0,2.0,-11.01,-9.52,-9.73,-34.67,0,0,0,0,1,0,0,0,0,0,0,1,0,0,0,0,0,0,1,0,1,0,0,0,0,1,0,0,0,1,0,1,0,0,0,0,0,1,0,0,1,0,0,72.84649228033362,-60.97598868321132,60.97598868321132,1
GCCCTTTCATTCCTGCGGAACTTGGCGCGGCGGT,0.0,GCCC,TTTC,ATTCCTGCGGAACTTGGCGCGGC,ATTCCTGC,GGAACTTG,GCGCGGC,GGT,1,0,0.6470588235294118,0.25,0.6521739130434783,0.5,0.5,1.0,62.40434782608696,24.0,28.0,-4.0,-9.99,-9.31,-12.9,-36.21,0,0,0,0,1,0,0,0,0,0,0,1,0,0,0,0,0,0,1,0,0,0,1,0,1,0,0,0,1,0,0,0,0,0,1,0,0,1,0,0,1,0,0,49.26599050039299,-49.26599050039299,49.26599050039299,1
GGAATTTCATTCTGGAGTCTTGCTCTAAGGTCAC,0.0,GGAA,TTTC,ATTCTGGAGTCTTGCTCTAAGGT,ATTCTGGA,GTCTTGCT,CTAAGGT,CAC,1,0,0.4411764705882353,0.25,0.43478260869565216,0.375,0.5,0.42857142857142855,53.491304347826095,22.0,20.0,2.0,-9.05,-9.99,-7.42,-29.04,0,0,0,0,1,0,0,0,0,0,0,1,0,0,0,0,0,0,1,0,0,0,1,0,1,0,0,0,0,0,1,0,0,1,0,0,0,1,0,1,0,0,0,64.88268251443816,-64.88268251443816,64.88268251443816,1
ATCCTTTCATTGAGTGGGCTCGGCCACCCCAACC,0.2262443438914027,ATCC,TTTC,ATTGAGTGGGCTCGGCCACCCCA,ATTGAGTG,GGCTCGGC,CACCCCA,ACC,1,0,0.5882352941176471,0.25,0.6521739130434783,0.375,0.875,0.7142857142857143,62.40434782608696,22.0,24.0,-2.0,-8.8,-12.91,-9.86,-35.25,0,0,0,0,1,0,0,0,0,0,0,1,0,0,0,0,0,0,1,0,0,0,1,0,0,1,0,1,0,0,0,0,0,1,0,0,0,0,1,0,0,1,0,63.272415644311394,-63.04617130041999,63.04617130041999,1
TGTGTTTCATTTAGATAATCCAGTACATAGATGT,100.0,TGTG,TTTC,ATTTAGATAATCCAGTACATAGA,ATTTAGAT,AATCCAGT,ACATAGA,TGT,1,1,0.29411764705882354,0.25,0.2608695652173913,0.125,0.375,0.2857142857142857,46.3608695652174,18.0,18.0,0.0,-6.92,-9.19,-6.93,-24.2,0,0,0,0,1,0,0,0,0,0,0,1,0,0,0,0,0,0,1,0,0,0,1,0,0,0,1,1,0,0,0,0,0,1,0,1,0,0,0,0,0,0,1,51.17242214021619,48.82757785978381,48.82757785978381,1
TCTCTTTCATTTCGGCCAGTTCTAGGCGAAGCAG,0.0,TCTC,TTTC,ATTTCGGCCAGTTCTAGGCGAAG,ATTTCGGC,CAGTTCTA,GGCGAAG,CAG,1,0,0.5,0.25,0.5217391304347826,0.5,0.375,0.7142857142857143,57.056521739130446,24.0,24.0,0.0,-10.43,-8.33,-9.83,-31.71,0,0,0,0,1,0,0,0,0,0,0,1,0,0,0,0,0,0,1,0,0,0,1,0,0,0,1,0,1,0,0,0,0,1,0,0,0,1,0,0,1,0,0,65.57901652780643,-65.57901652780643,65.57901652780643,1
TTCCTTTCCAAATCTGATGTGATCTCTCAGCTGG,0.0,TTCC,TTTC,CAAATCTGATGTGATCTCTCAGC,CAAATCTG,ATGTGATC,TCTCAGC,TGG,1,0,0.4411764705882353,0.25,0.43478260869565216,0.375,0.375,0.5714285714285714,53.491304347826095,22.0,22.0,0.0,-8.36,-8.7,-8.85,-28.490000000000002,0,0,0,0,1,0,0,0,0,0,0,0,1,0,0,1,0,0,0,1,0,0,0,1,0,0,0,0,0,0,1,0,1,0,0,0,0,0,1,0,0,1,0,50.58506774790774,-50.58506774790774,50.58506774790774,1
TCTATTTCCAACTCCCTGCCCCCAGGCTCTGGGC,0.0,TCTA,TTTC,CAACTCCCTGCCCCCAGGCTCTG,CAACTCCC,TGCCCCCA,GGCTCTG,GGC,1,0,0.6176470588235294,0.25,0.6956521739130435,0.625,0.75,0.7142857142857143,64.18695652173913,26.0,24.0,2.0,-10.15,-12.5,-9.39,-34.6,0,0,0,0,1,0,0,0,0,0,0,0,1,0,0,1,0,0,0,1,0,0,0,0,1,0,0,0,0,0,1,0,1,0,0,0,1,0,0,0,1,0,0,55.38972329466518,-55.38972329466518,55.38972329466518,1
TTTGTTTCCAAGAACAACTCCTACTCCTTAGCTT,0.0,TTTG,TTTC,CAAGAACAACTCCTACTCCTTAG,CAAGAACA,ACTCCTAC,TCCTTAG,CTT,1,0,0.38235294117647056,0.25,0.43478260869565216,0.375,0.5,0.42857142857142855,53.491304347826095,22.0,20.0,2.0,-8.92,-9.16,-7.28,-27.64,0,0,0,0,1,0,0,0,0,0,0,0,1,0,0,1,0,0,0,1,0,0,0,0,0,1,0,1,0,0,0,1,0,0,0,0,1,0,0,1,0,0,0,82.04594291260779,-82.04594291260779,82.04594291260779,1
CCCCTTTCCACACTACCCACCTCCACCCTGCAGT,100.0,CCCC,TTTC,CACACTACCCACCTCCACCCTGC,CACACTAC,CCACCTCC,ACCCTGC,AGT,1,1,0.6176470588235294,0.25,0.6521739130434783,0.5,0.75,0.7142857142857143,62.40434782608696,24.0,24.0,0.0,-9.08,-10.99,-10.09,-33.45,0,0,0,0,1,0,0,0,0,0,0,0,1,0,0,1,0,0,0,0,1,0,0,1,0,0,0,0,1,0,0,0,0,0,1,1,0,0,0,0,1,0,0,50.87562116628946,49.12437883371054,49.12437883371054,1
CCCTTTTCCACCCATGGGTTGTTCTTCATCAGGT,0.2544529262086514,CCCT,TTTC,CACCCATGGGTTGTTCTTCATCA,CACCCATG,GGTTGTTC,TTCATCA,GGT,1,0,0.5,0.25,0.4782608695652174,0.625,0.5,0.2857142857142857,55.27391304347827,26.0,18.0,8.0,-10.35,-9.47,-7.38,-30.32,0,0,0,0,1,0,0,0,0,0,0,0,1,0,0,1,0,0,0,0,1,0,0,0,1,0,0,0,1,0,0,1,0,0,0,0,0,0,1,0,0,1,0,67.83860790744687,-67.58415498123821,67.58415498123821,1
TTGGTTTCCACCGAGTACCCAGGCAACTGATCCG,0.0,TTGG,TTTC,CACCGAGTACCCAGGCAACTGAT,CACCGAGT,ACCCAGGC,AACTGAT,CCG,1,0,0.5588235294117647,0.25,0.5652173913043478,0.625,0.75,0.2857142857142857,58.83913043478262,26.0,18.0,8.0,-10.92,-11.93,-7.35,-32.23,0,0,0,0,1,0,0,0,0,0,0,0,1,0,0,1,0,0,0,0,1,0,0,0,1,0,0,0,0,1,0,1,0,0,0,0,0,1,0,0,0,0,1,67.9706554510646,-67.9706554510646,67.9706554510646,1
TTCTTTTCCACGAAGAGGACTCTTTGTTTCACTA,17.441860465116278,TTCT,TTTC,CACGAAGAGGACTCTTTGTTTCA,CACGAAGA,GGACTCTT,TGTTTCA,CTA,1,0,0.38235294117647056,0.25,0.43478260869565216,0.5,0.5,0.2857142857142857,53.491304347826095,24.0,18.0,6.0,-9.94,-9.44,-7.64,-29.3,0,0,0,0,1,0,0,0,0,0,0,0,1,0,0,1,0,0,0,0,1,0,0,0,0,1,0,1,0,0,0,1,0,0,0,0,0,1,0,1,0,0,0,73.34618499172458,-55.904324526608306,55.904324526608306,1
GGAGTTTCCACTCCTTGTGGTCTTCTTGATTTCT,0.0749063670411985,GGAG,TTTC,CACTCCTTGTGGTCTTCTTGATT,CACTCCTT,GTGGTCTT,CTTGATT,TCT,1,0,0.4411764705882353,0.25,0.43478260869565216,0.5,0.5,0.2857142857142857,53.491304347826095,24.0,18.0,6.0,-9.59,-9.75,-6.91,-29.0,0,0,0,0,1,0,0,0,0,0,0,0,1,0,0,1,0,0,0,0,1,0,0,0,0,0,1,0,1,0,0,0,1,0,0,0,0,0,1,0,0,0,1,58.185220320995825,-58.11031395395462,58.11031395395462,1
TTCATTTCCACTCTGCGAGAGTCTGTGCTGGACC,0.1890359168241966,TTCA,TTTC,CACTCTGCGAGAGTCTGTGCTGG,CACTCTGC,GAGAGTCT,GTGCTGG,ACC,1,0,0.5294117647058824,0.25,0.6086956521739131,0.625,0.5,0.7142857142857143,60.62173913043479,26.0,24.0,2.0,-10.44,-9.18,-9.7,-32.94,0,0,0,0,1,0,0,0,0,0,0,0,1,0,0,1,0,0,0,0,1,0,0,0,0,0,1,0,1,0,0,0,0,0,1,0,0,1,0,0,1,0,0,52.68678681842388,-52.49775090159969,52.49775090159969,1
GAAGTTTCCAGAATTGGCAGAAGAGGCTGGGCTT,100.0,GAAG,TTTC,CAGAATTGGCAGAAGAGGCTGGG,CAGAATTG,GCAGAAGA,GGCTGGG,CTT,1,1,0.5,0.25,0.5652173913043478,0.375,0.5,0.8571428571428571,58.83913043478262,22.0,26.0,-4.0,-8.36,-9.85,-10.49,-31.82,0,0,0,0,1,0,0,0,0,0,0,0,1,0,0,1,0,0,0,0,0,1,0,1,0,0,0,1,0,0,0,0,0,0,1,0,0,0,1,0,0,1,0,44.43048462263361,55.56951537736639,55.56951537736639,1
TCACTTTCCAGAGCCTGGGCGAACGGCTGAACGC,2.833530106257379,TCAC,TTTC,CAGAGCCTGGGCGAACGGCTGAA,CAGAGCCT,GGGCGAAC,GGCTGAA,CGC,1,0,0.6176470588235294,0.25,0.6521739130434783,0.625,0.75,0.5714285714285714,62.40434782608696,26.0,22.0,4.0,-10.67,-11.83,-9.11,-35.230000000000004,0,0,0,0,1,0,0,0,0,0,0,0,1,0,0,1,0,0,0,0,0,1,0,1,0,0,0,0,0,1,0,0,1,0,0,0,1,0,0,0,0,0,1,50.759279161436055,-47.92574905517868,47.92574905517868,1
CTTCTTTCCAGAGCTGCTGCAGTTCTGTTGGAAT,0.0,CTTC,TTTC,CAGAGCTGCTGCAGTTCTGTTGG,CAGAGCTG,CTGCAGTT,CTGTTGG,AAT,1,0,0.47058823529411764,0.25,0.5652173913043478,0.625,0.5,0.5714285714285714,58.83913043478262,26.0,22.0,4.0,-10.280000000000001,-10.14,-8.46,-32.42,0,0,0,0,1,0,0,0,0,0,0,0,1,0,0,1,0,0,0,0,0,1,0,1,0,0,0,0,0,1,0,0,1,0,0,0,0,0,1,0,0,1,0,58.12947734540642,-58.12947734540642,58.12947734540642,1
GAAGTTTCCAGCAGTGAAAGTGCTGACAGTGGGG,0.1919385796545105,GAAG,TTTC,CAGCAGTGAAAGTGCTGACAGTG,CAGCAGTG,AAAGTGCT,GACAGTG,GGG,1,0,0.5294117647058824,0.25,0.5217391304347826,0.625,0.375,0.5714285714285714,57.056521739130446,26.0,22.0,4.0,-10.59,-9.69,-8.36,-31.39,0,0,0,0,1,0,0,0,0,0,0,0,1,0,0,1,0,0,0,0,0,1,0,0,1,0,0,1,0,0,0,0,0,1,0,0,0,0,1,0,0,1,0,50.276460391512224,-50.08452181185771,50.08452181185771,1
ACGTTTTCCAGCATCCACTCCTTCCAGGACCTGT,2.9787234042553195,ACGT,TTTC,CAGCATCCACTCCTTCCAGGACC,CAGCATCC,ACTCCTTC,CAGGACC,TGT,1,0,0.5294117647058824,0.25,0.6086956521739131,0.625,0.5,0.7142857142857143,60.62173913043479,26.0,24.0,2.0,-10.44,-9.44,-9.15,-32.32,0,0,0,0,1,0,0,0,0,0,0,0,1,0,0,1,0,0,0,0,0,1,0,0,1,0,0,1,0,0,0,0,0,0,1,0,1,0,0,0,1,0,0,58.12834086778568,-55.14961746353036,55.14961746353036,1
GGAGTTTCCAGCTACAGGAGGTGCCATCCCATCC,0.2155172413793103,GGAG,TTTC,CAGCTACAGGAGGTGCCATCCCA,CAGCTACA,GGAGGTGC,CATCCCA,TCC,1,0,0.5882352941176471,0.25,0.6086956521739131,0.5,0.75,0.5714285714285714,60.62173913043479,24.0,22.0,2.0,-9.72,-11.39,-8.76,-32.99,0,0,0,0,1,0,0,0,0,0,0,0,1,0,0,1,0,0,0,0,0,1,0,0,1,0,0,0,0,0,1,1,0,0,0,0,1,0,0,1,0,0,0,64.50327273119936,-64.28775548982004,64.28775548982004,1
TCGTTTTCCAGGGCACTACTGTGCGGTACGCGAG,0.0,TCGT,TTTC,CAGGGCACTACTGTGCGGTACGC,CAGGGCAC,TACTGTGC,GGTACGC,GAG,1,0,0.5882352941176471,0.25,0.6521739130434783,0.75,0.5,0.7142857142857143,62.40434782608696,28.0,24.0,4.0,-11.540000000000001,-9.88,-9.71,-34.58,0,0,0,0,1,0,0,0,0,0,0,0,1,0,0,1,0,0,0,0,0,1,0,0,0,1,0,0,0,1,0,0,1,0,0,1,0,0,0,0,1,0,0,61.24005572653087,-61.24005572653087,61.24005572653087,1
CATCTTTCCAGTACCACATCCCTAATCGTAATCC,0.3558718861209964,CATC,TTTC,CAGTACCACATCCCTAATCGTAA,CAGTACCA,CATCCCTA,ATCGTAA,TCC,1,0,0.4411764705882353,0.25,0.43478260869565216,0.5,0.5,0.2857142857142857,53.491304347826095,24.0,18.0,6.0,-9.48,-9.17,-7.37,-28.46,0,0,0,0,1,0,0,0,0,0,0,0,1,0,0,1,0,0,0,0,0,1,0,0,0,0,1,1,0,0,0,0,1,0,0,0,1,0,0,1,0,0,0,71.52142562038594,-71.16555373426495,71.16555373426495,1
AAACTTTCCAGTCAGCGGACGCGCGAGCCTGCGA,0.0,AAAC,TTTC,CAGTCAGCGGACGCGCGAGCCTG,CAGTCAGC,GGACGCGC,GAGCCTG,CGA,1,0,0.6176470588235294,0.25,0.7391304347826086,0.625,0.875,0.7142857142857143,65.9695652173913,26.0,24.0,2.0,-10.44,-13.4,-9.39,-37.57,0,0,0,0,1,0,0,0,0,0,0,0,1,0,0,1,0,0,0,0,0,1,0,0,0,0,1,0,1,0,0,1,0,0,0,0,0,1,0,0,1,0,0,53.718987529266656,-53.718987529266656,53.718987529266656,1
TCAGTTTCCAGTTGGCCGTGTGCACCGCCTCCTC,94.07407407407408,TCAG,TTTC,CAGTTGGCCGTGTGCACCGCCTC,CAGTTGGC,CGTGTGCA,CCGCCTC,CTC,1,1,0.6176470588235294,0.25,0.6956521739130435,0.625,0.625,0.8571428571428571,64.18695652173913,26.0,26.0,0.0,-10.7,-11.64,-10.67,-36.29,0,0,0,0,1,0,0,0,0,0,0,0,1,0,0,1,0,0,0,0,0,1,0,0,0,0,1,0,0,0,1,0,0,1,0,0,0,1,0,0,1,0,0,41.56505941673461,52.50901465733946,52.50901465733946,1
CTGCTTTCCATCCCCCTATGACTCCAGCCCTAGG,0.8503401360544218,CTGC,TTTC,CATCCCCCTATGACTCCAGCCCT,CATCCCCC,TATGACTC,CAGCCCT,AGG,1,0,0.5882352941176471,0.25,0.6086956521739131,0.75,0.375,0.7142857142857143,60.62173913043479,28.0,24.0,4.0,-10.99,-8.23,-9.93,-32.27,0,0,0,0,1,0,0,0,0,0,0,0,1,0,0,1,0,0,0,0,0,0,1,0,1,0,0,0,1,0,0,0,1,0,0,0,1,0,0,0,1,0,0,54.84772033578428,-53.99738019972986,53.99738019972986,1
CACATTTCCATCCCCTCCCCAGACATCTCCCACA,12.0,CACA,TTTC,CATCCCCTCCCCAGACATCTCCC,CATCCCCT,CCCCAGAC,ATCTCCC,ACA,1,0,0.5588235294117647,0.25,0.6521739130434783,0.625,0.75,0.5714285714285714,62.40434782608696,26.0,22.0,4.0,-10.43,-10.99,-8.44,-32.61,0,0,0,0,1,0,0,0,0,0,0,0,1,0,0,1,0,0,0,0,0,0,1,0,1,0,0,0,1,0,0,0,1,0,0,0,1,0,0,0,0,0,1,61.54218663051911,-49.54218663051911,49.54218663051911,1
GTACTTTCCATCGGTGATGAAGAAGATCCCTGCT,0.0,GTAC,TTTC,CATCGGTGATGAAGAAGATCCCT,CATCGGTG,ATGAAGAA,GATCCCT,GCT,1,0,0.47058823529411764,0.25,0.4782608695652174,0.625,0.25,0.5714285714285714,55.27391304347827,26.0,22.0,4.0,-10.53,-8.21,-8.44,-29.76,0,0,0,0,1,0,0,0,0,0,0,0,1,0,0,1,0,0,0,0,0,0,1,0,1,0,0,0,0,1,0,0,0,1,0,0,0,0,1,0,0,1,0,54.699724811492196,-54.699724811492196,54.699724811492196,1
ATTCTTTCCATGAGTCGGACCTGGACCTGCCGGA,6.340057636887608,ATTC,TTTC,CATGAGTCGGACCTGGACCTGCC,CATGAGTC,GGACCTGG,ACCTGCC,GGA,1,0,0.5588235294117647,0.25,0.6521739130434783,0.5,0.75,0.7142857142857143,62.40434782608696,24.0,24.0,0.0,-9.1,-10.99,-10.09,-33.65,0,0,0,0,1,0,0,0,0,0,0,0,1,0,0,1,0,0,0,0,0,0,1,0,0,1,0,1,0,0,0,0,0,1,0,0,0,0,1,0,1,0,0,67.78215737148537,-61.44209973459776,61.44209973459776,1
TACCTTTCCATGCCATCTCCAATGAGCTCCTCTC,0.0,TACC,TTTC,CATGCCATCTCCAATGAGCTCCT,CATGCCAT,CTCCAATG,AGCTCCT,CTC,1,0,0.5,0.25,0.5217391304347826,0.5,0.5,0.5714285714285714,57.056521739130446,24.0,22.0,2.0,-10.19,-9.2,-9.22,-31.21,0,0,0,0,1,0,0,0,0,0,0,0,1,0,0,1,0,0,0,0,0,0,1,0,0,1,0,0,1,0,0,0,1,0,0,1,0,0,0,0,0,0,1,63.29521114585072,-63.29521114585072,63.29521114585072,1
AACGTTTCCATGCGAGATCCCTGTGGACAAATCA,0.0,AACG,TTTC,CATGCGAGATCCCTGTGGACAAA,CATGCGAG,ATCCCTGT,GGACAAA,TCA,1,0,0.47058823529411764,0.25,0.5217391304347826,0.625,0.5,0.42857142857142855,57.056521739130446,26.0,20.0,6.0,-10.77,-10.03,-8.03,-31.580000000000002,0,0,0,0,1,0,0,0,0,0,0,0,1,0,0,1,0,0,0,0,0,0,1,0,0,1,0,0,1,0,0,0,0,1,0,1,0,0,0,0,0,1,0,69.11426422020719,-69.11426422020719,69.11426422020719,1
TTGGTTTCCATTCCCGTGTAAATAGCCACACCTA,100.0,TTGG,TTTC,CATTCCCGTGTAAATAGCCACAC,CATTCCCG,TGTAAATA,GCCACAC,CTA,1,1,0.4411764705882353,0.25,0.4782608695652174,0.625,0.125,0.7142857142857143,55.27391304347827,26.0,24.0,2.0,-10.48,-6.93,-9.86,-29.99,0,0,0,0,1,0,0,0,0,0,0,0,1,0,0,1,0,0,0,0,0,0,1,0,0,0,1,0,1,0,0,0,1,0,0,0,1,0,0,0,0,1,0,44.947648121406324,55.052351878593676,55.052351878593676,1
AAATTTTCCATTTCTGTGCTTTGAAGTCTGATCT,99.92082343626286,AAAT,TTTC,CATTTCTGTGCTTTGAAGTCTGA,CATTTCTG,TGCTTTGA,AGTCTGA,TCT,1,1,0.3235294117647059,0.25,0.391304347826087,0.375,0.375,0.42857142857142855,51.70869565217392,22.0,20.0,2.0,-8.36,-9.72,-8.05,-28.57,0,0,0,0,1,0,0,0,0,0,0,0,1,0,0,1,0,0,0,0,0,0,1,0,0,0,1,0,0,0,1,0,1,0,0,0,0,0,1,0,0,1,0,50.18930260520908,49.731520831053786,49.731520831053786,1
TGACTTTCCCACGTCCGCTGCCAGGCGGGTTCTG,0.0,TGAC,TTTC,CCACGTCCGCTGCCAGGCGGGTT,CCACGTCC,GCTGCCAG,GCGGGTT,CTG,1,0,0.6470588235294118,0.25,0.7391304347826086,0.75,0.75,0.7142857142857143,65.9695652173913,28.0,24.0,4.0,-11.48,-11.780000000000001,-10.530000000000001,-37.8,0,0,0,0,1,0,0,0,1,0,0,0,1,0,0,0,1,0,0,1,0,0,0,0,1,0,0,0,0,1,0,0,0,0,1,0,1,0,0,0,1,0,0,56.667493670764,-56.667493670764,56.667493670764,1
CTCCTTTCCCAGGGAGATTGTTCTGATCAGAGAC,0.0,CTCC,TTTC,CCAGGGAGATTGTTCTGATCAGA,CCAGGGAG,ATTGTTCT,GATCAGA,GAC,1,0,0.5,0.25,0.4782608695652174,0.75,0.25,0.42857142857142855,55.27391304347827,28.0,20.0,8.0,-10.83,-8.35,-7.51,-29.44,0,0,0,0,1,0,0,0,1,0,0,0,1,0,0,0,1,0,0,1,0,0,0,0,0,1,0,0,0,1,0,0,0,1,0,1,0,0,0,0,0,1,0,81.02147205782836,-81.02147205782836,81.02147205782836,1
CGGCTTTCCCAGTCTGGAGTGAACGCCTCCGGCC,0.6578947368421052,CGGC,TTTC,CCAGTCTGGAGTGAACGCCTCCG,CCAGTCTG,GAGTGAAC,GCCTCCG,GCC,1,0,0.6764705882352942,0.25,0.6521739130434783,0.625,0.5,0.8571428571428571,62.40434782608696,26.0,26.0,0.0,-10.04,-9.21,-10.67,-33.93,0,0,0,0,1,0,0,0,1,0,0,0,1,0,0,0,1,0,0,1,0,0,0,0,0,1,0,0,0,0,1,0,1,0,0,0,0,0,1,0,0,1,0,63.839202220211355,-63.18130748336925,63.18130748336925,1
GCCTTTTCCCATCCTGGGATGGGTGGGACGCTTC,0.1857010213556174,GCCT,TTTC,CCATCCTGGGATGGGTGGGACGC,CCATCCTG,GGATGGGT,GGGACGC,TTC,1,0,0.6176470588235294,0.25,0.6956521739130435,0.625,0.625,0.8571428571428571,64.18695652173913,26.0,26.0,0.0,-10.040000000000001,-10.59,-10.83,-34.75,0,0,0,0,1,0,0,0,1,0,0,0,1,0,0,0,1,0,0,1,0,0,0,0,0,0,1,0,1,0,0,0,1,0,0,0,0,0,1,0,0,1,0,51.45095362126419,-51.26525259990857,51.26525259990857,1
CACCTTTCCCCAAGTTGGAGCTAGGCCTGGGGCC,99.01960784313728,CACC,TTTC,CCCAAGTTGGAGCTAGGCCTGGG,CCCAAGTT,GGAGCTAG,GCCTGGG,GCC,1,1,0.6470588235294118,0.25,0.6521739130434783,0.5,0.625,0.8571428571428571,62.40434782608696,24.0,26.0,-2.0,-9.85,-9.8,-10.49,-33.43,0,0,0,0,1,0,0,0,1,0,0,0,1,0,0,0,1,0,0,0,1,0,0,1,0,0,0,1,0,0,0,0,0,1,0,0,0,0,1,0,0,0,1,50.6455312407871,48.37407660235018,48.37407660235018,1
TTGGTTTCCCCAATGAGGTCATCAGTGCCCACCA,0.0,TTGG,TTTC,CCCAATGAGGTCATCAGTGCCCA,CCCAATGA,GGTCATCA,GTGCCCA,CCA,1,0,0.5294117647058824,0.25,0.5652173913043478,0.5,0.5,0.7142857142857143,58.83913043478262,24.0,24.0,0.0,-9.76,-9.66,-10.26,-32.24,0,0,0,0,1,0,0,0,1,0,0,0,1,0,0,0,1,0,0,0,1,0,0,1,0,0,0,1,0,0,0,0,0,0,1,0,0,1,0,1,0,0,0,57.2926380176711,-57.2926380176711,57.2926380176711,1
CATCTTTCCCCACCTGATGGGACCTCGATGATGC,0.0,CATC,TTTC,CCCACCTGATGGGACCTCGATGA,CCCACCTG,ATGGGACC,TCGATGA,TGC,1,0,0.5588235294117647,0.25,0.6086956521739131,0.75,0.625,0.42857142857142855,60.62173913043479,28.0,20.0,8.0,-11.14,-10.59,-8.4,-32.71,0,0,0,0,1,0,0,0,1,0,0,0,1,0,0,0,1,0,0,0,1,0,0,1,0,0,0,0,1,0,0,0,1,0,0,0,0,0,1,0,0,1,0,66.61212590740463,-66.61212590740463,66.61212590740463,1
CGTGTTTCCCCAGCCCTTGGCATAACCTGGGCTA,0.8605851979345954,CGTG,TTTC,CCCAGCCCTTGGCATAACCTGGG,CCCAGCCC,TTGGCATA,ACCTGGG,CTA,1,0,0.5882352941176471,0.25,0.6521739130434783,0.875,0.375,0.7142857142857143,62.40434782608696,30.0,24.0,6.0,-12.33,-9.44,-9.69,-33.74,0,0,0,0,1,0,0,0,1,0,0,0,1,0,0,0,1,0,0,0,1,0,0,1,0,0,0,0,0,1,0,0,1,0,0,0,1,0,0,0,1,0,0,72.02993471785693,-71.16934951992233,71.16934951992233,1
CTACTTTCCCCCCGAATCCCAGCGGGGGTTGTGG,0.2762430939226519,CTAC,TTTC,CCCCCGAATCCCAGCGGGGGTTG,CCCCCGAA,TCCCAGCG,GGGGTTG,TGG,1,0,0.6470588235294118,0.25,0.7391304347826086,0.75,0.75,0.7142857142857143,65.9695652173913,28.0,24.0,4.0,-11.83,-12.120000000000001,-9.41,-36.08,0,0,1,0,1,0,0,0,1,0,0,0,1,0,0,0,1,0,0,0,1,0,0,0,1,0,0,0,1,0,0,0,0,1,0,1,0,0,0,1,0,0,0,52.24790054329517,-51.971657449372515,51.971657449372515,1
TGATTTTCCCCCGGGTGGAAGTGTACTGCCAGAT,0.0,TGAT,TTTC,CCCCGGGTGGAAGTGTACTGCCA,CCCCGGGT,GGAAGTGT,ACTGCCA,GAT,1,0,0.5294117647058824,0.25,0.6521739130434783,0.875,0.5,0.5714285714285714,62.40434782608696,30.0,22.0,8.0,-12.81,-9.75,-9.7,-34.29,0,0,0,0,1,0,0,0,1,0,0,0,1,0,0,0,1,0,0,0,1,0,0,0,1,0,0,0,0,1,0,0,0,1,0,0,0,1,0,0,0,0,1,62.916007671063376,-62.916007671063376,62.916007671063376,1
CTGCTTTCCCCCTCCCTTCAATATGCTGGGGCGG,0.0,CTGC,TTTC,CCCCTCCCTTCAATATGCTGGGG,CCCCTCCC,TTCAATAT,GCTGGGG,CGG,1,0,0.6176470588235294,0.25,0.6086956521739131,0.875,0.125,0.8571428571428571,60.62173913043479,30.0,26.0,4.0,-11.780000000000001,-7.09,-10.49,-32.09,0,0,1,0,1,0,0,0,1,0,0,0,1,0,0,0,1,0,0,0,1,0,0,0,1,0,0,0,0,0,1,0,1,0,0,0,1,0,0,0,1,0,0,56.83682087550747,-56.83682087550747,56.83682087550747,1
CCCCTTTCCCCGCCCCTACCGGGGCTTGTCTGCA,0.0,CCCC,TTTC,CCCGCCCCTACCGGGGCTTGTCT,CCCGCCCC,TACCGGGG,CTTGTCT,GCA,1,0,0.7058823529411765,0.25,0.7391304347826086,1.0,0.75,0.42857142857142855,65.9695652173913,32.0,20.0,12.0,-13.610000000000001,-11.55,-7.75,-36.43,0,0,1,0,1,0,0,0,1,0,0,0,1,0,0,0,1,0,0,0,1,0,0,0,0,1,0,0,1,0,0,0,1,0,0,0,1,0,0,0,1,0,0,48.076955609913,-48.076955609913,48.076955609913,1
TACATTTCCCCGGGAGAACTCGTCCATTCGGTGG,8.771929824561402,TACA,TTTC,CCCGGGAGAACTCGTCCATTCGG,CCCGGGAG,AACTCGTC,CATTCGG,TGG,1,0,0.5588235294117647,0.25,0.6521739130434783,0.875,0.5,0.5714285714285714,62.40434782608696,30.0,22.0,8.0,-12.11,-9.93,-8.64,-33.82,0,0,0,0,1,0,0,0,1,0,0,0,1,0,0,0,1,0,0,0,1,0,0,0,0,1,0,0,0,1,0,0,0,1,0,1,0,0,0,0,0,1,0,75.90118074771037,-67.12925092314897,67.12925092314897,1
TCCTTTTCCCCGTCCAGATCCATGCCCATAGACA,17.73308957952468,TCCT,TTTC,CCCGTCCAGATCCATGCCCATAG,CCCGTCCA,GATCCATG,CCCATAG,ACA,1,0,0.5294117647058824,0.25,0.6086956521739131,0.75,0.5,0.5714285714285714,60.62173913043479,28.0,22.0,6.0,-11.88,-9.1,-7.87,-32.37,0,0,0,0,1,0,0,0,1,0,0,0,1,0,0,0,1,0,0,0,1,0,0,0,0,1,0,0,0,0,1,0,1,0,0,0,1,0,0,1,0,0,0,74.79793383362197,-57.06484425409729,57.06484425409729,1
TCTTTTTCCCCTCCTTCTCCGATGGGAGGGGACA,100.0,TCTT,TTTC,CCCTCCTTCTCCGATGGGAGGGG,CCCTCCTT,CTCCGATG,GGAGGGG,ACA,1,1,0.5588235294117647,0.25,0.6956521739130435,0.625,0.625,0.8571428571428571,64.18695652173913,26.0,26.0,0.0,-10.38,-10.22,-9.940000000000001,-33.68,0,0,1,0,1,0,0,0,1,0,0,0,1,0,0,0,1,0,0,0,1,0,0,0,0,0,1,0,1,0,0,0,1,0,0,0,0,0,1,0,0,0,1,39.024886252091434,60.975113747908566,60.975113747908566,1
GCCTTTTCCCCTGGGCTGCCATGCCCATTGCTCA,11.11111111111111,GCCT,TTTC,CCCTGGGCTGCCATGCCCATTGC,CCCTGGGC,TGCCATGC,CCATTGC,TCA,1,0,0.6176470588235294,0.25,0.6956521739130435,0.875,0.625,0.5714285714285714,64.18695652173913,30.0,22.0,8.0,-12.33,-11.55,-8.86,-35.86,0,0,0,0,1,0,0,0,1,0,0,0,1,0,0,0,1,0,0,0,1,0,0,0,0,0,1,0,0,1,0,0,0,1,0,0,0,1,0,0,1,0,0,66.2834288337201,-55.17231772260898,55.17231772260898,1
TCTGTTTCCCGATCGCCACTGCTATCAATTTTCA,0.0,TCTG,TTTC,CCGATCGCCACTGCTATCAATTT,CCGATCGC,CACTGCTA,TCAATTT,TCA,1,0,0.4411764705882353,0.25,0.4782608695652174,0.75,0.5,0.14285714285714285,55.27391304347827,28.0,16.0,12.0,-11.9,-9.72,-6.63,-30.97,0,0,0,0,1,0,0,0,1,0,0,0,1,0,0,0,1,0,0,0,0,1,0,1,0,0,0,0,0,0,1,0,1,0,0,0,0,1,0,0,1,0,0,73.66864991962154,-73.66864991962154,73.66864991962154,1
ATGATTTCCCGGACCCCTGAGGTCACGTGCGTGG,0.0,ATGA,TTTC,CCGGACCCCTGAGGTCACGTGCG,CCGGACCC,CTGAGGTC,ACGTGCG,TGG,1,0,0.6176470588235294,0.25,0.7391304347826086,0.875,0.625,0.7142857142857143,65.9695652173913,30.0,24.0,6.0,-12.27,-9.89,-10.91,-36.36,0,0,0,0,1,0,0,0,1,0,0,0,1,0,0,0,1,0,0,0,0,1,0,0,0,1,0,1,0,0,0,0,1,0,0,0,1,0,0,0,1,0,0,61.632005253181724,-61.632005253181724,61.632005253181724,1
TTGCTTTCCCGGGTTCAGTGAGCCCATGTCAATC,5.2718286655683695,TTGC,TTTC,CCGGGTTCAGTGAGCCCATGTCA,CCGGGTTC,AGTGAGCC,CATGTCA,ATC,1,0,0.5294117647058824,0.25,0.6086956521739131,0.75,0.625,0.42857142857142855,60.62173913043479,28.0,20.0,8.0,-11.43,-10.83,-7.97,-33.52,0,0,0,0,1,0,0,0,1,0,0,0,1,0,0,0,1,0,0,0,0,1,0,0,0,1,0,0,0,1,0,0,0,0,1,0,0,0,1,0,1,0,0,61.975940581159115,-56.704111915590744,56.704111915590744,1
GGGTTTTCCCTCTTGTACTCCTCAATCTTTTTCT,97.5768065772393,GGGT,TTTC,CCTCTTGTACTCCTCAATCTTTT,CCTCTTGT,ACTCCTCA,ATCTTTT,TCT,1,1,0.4117647058823529,0.25,0.391304347826087,0.5,0.5,0.14285714285714285,51.70869565217392,24.0,16.0,8.0,-9.59,-9.89,-6.46,-27.52,1,0,0,0,1,0,0,0,1,0,0,0,1,0,0,0,1,0,0,0,0,0,1,0,1,0,0,0,0,0,1,0,0,0,1,0,0,1,0,0,0,0,1,48.96247714142925,48.61432943581005,48.61432943581005,1
GTCATTTCCCTGGGGCTCGGGCAGCCCCCATCCA,0.4305705059203444,GTCA,TTTC,CCTGGGGCTCGGGCAGCCCCCAT,CCTGGGGC,TCGGGCAG,CCCCCAT,CCA,1,0,0.6764705882352942,0.25,0.782608695652174,0.875,0.75,0.7142857142857143,67.75217391304349,30.0,24.0,6.0,-12.33,-12.120000000000001,-9.69,-37.660000000000004,0,0,1,0,1,0,0,0,1,0,0,0,1,0,0,0,1,0,0,0,0,0,1,0,0,1,0,0,0,1,0,0,0,1,0,0,0,1,0,0,1,0,0,49.35336736437138,-48.922796858451036,48.922796858451036,1
CTGCTTTCCCTTCACCACGTGCTTGGGTACTGGC,27.19033232628399,CTGC,TTTC,CCTTCACCACGTGCTTGGGTACT,CCTTCACC,ACGTGCTT,GGGTACT,GGC,1,1,0.5882352941176471,0.25,0.5652173913043478,0.625,0.5,0.5714285714285714,58.83913043478262,26.0,22.0,4.0,-10.15,-11.02,-8.42,-32.49,0,0,0,0,1,0,0,0,1,0,0,0,1,0,0,0,1,0,0,0,0,0,1,0,0,0,1,0,1,0,0,1,0,0,0,0,1,0,0,0,1,0,0,76.32031656452229,-49.12998423823829,49.12998423823829,1
GTGCTTTCCCTTTCTTGCGGTCAGGTTCATACTC,19.188596491228072,GTGC,TTTC,CCTTTCTTGCGGTCAGGTTCATA,CCTTTCTT,GCGGTCAG,GTTCATA,CTC,1,0,0.5,0.25,0.4782608695652174,0.375,0.75,0.2857142857142857,55.27391304347827,22.0,18.0,4.0,-8.7,-11.72,-6.65,-30.36,0,0,0,0,1,0,0,0,1,0,0,0,1,0,0,0,1,0,0,0,0,0,1,0,0,0,1,0,0,0,1,0,1,0,0,0,0,0,1,0,0,0,1,67.26100561889665,-48.07240912766858,48.07240912766858,1
CTGCTTTCCGAACTCTGGTGGGGGATGACTGCCC,100.0,CTGC,TTTC,CGAACTCTGGTGGGGGATGACTG,CGAACTCT,GGTGGGGG,ATGACTG,CCC,1,1,0.6176470588235294,0.25,0.6086956521739131,0.5,0.875,0.42857142857142855,60.62173913043479,24.0,20.0,4.0,-9.77,-12.09,-7.8,-32.410000000000004,0,0,1,0,1,0,0,0,0,0,0,0,1,0,0,0,0,1,0,1,0,0,0,1,0,0,0,0,1,0,0,0,0,0,1,0,1,0,0,0,0,0,1,49.14851197160923,50.85148802839077,50.85148802839077,1
CGGGTTTCCGCAGTTCGTCATCCCAGCCCAGCTT,99.91532599491956,CGGG,TTTC,CGCAGTTCGTCATCCCAGCCCAG,CGCAGTTC,GTCATCCC,AGCCCAG,CTT,1,1,0.6176470588235294,0.25,0.6521739130434783,0.625,0.625,0.7142857142857143,62.40434782608696,26.0,24.0,2.0,-10.88,-10.05,-9.93,-34.480000000000004,0,0,0,0,1,0,0,0,0,0,0,0,1,0,0,0,0,1,0,0,1,0,0,1,0,0,0,0,0,1,0,0,0,0,1,0,0,0,1,0,1,0,0,46.21570153062753,53.69962446429203,53.69962446429203,1
TTCTTTTCCGCATGGAGCGGCTGCGCTGCCATGC,100.0,TTCT,TTTC,CGCATGGAGCGGCTGCGCTGCCA,CGCATGGA,GCGGCTGC,GCTGCCA,TGC,1,1,0.6176470588235294,0.25,0.7391304347826086,0.625,0.875,0.7142857142857143,65.9695652173913,26.0,24.0,2.0,-11.33,-13.46,-10.5,-38.74,0,0,0,0,1,0,0,0,0,0,0,0,1,0,0,0,0,1,0,0,1,0,0,1,0,0,0,0,0,0,1,0,0,1,0,0,0,1,0,1,0,0,0,39.21395279793714,60.78604720206286,60.78604720206286,1
AGGCTTTCCGCCAGCCACCTTTTCTTTTCTGCCT,0.2439024390243902,AGGC,TTTC,CGCCAGCCACCTTTTCTTTTCTG,CGCCAGCC,ACCTTTTC,TTTTCTG,CCT,1,0,0.5294117647058824,0.25,0.5217391304347826,0.875,0.375,0.2857142857142857,57.056521739130446,30.0,18.0,12.0,-13.06,-8.86,-7.03,-31.68,1,0,0,0,1,0,0,0,0,0,0,0,1,0,0,0,0,1,0,0,1,0,0,0,1,0,0,1,0,0,0,0,0,1,0,0,1,0,0,0,1,0,0,49.056964089084595,-48.813061650060206,48.813061650060206,1
TGCCTTTCCGCCAGGCTTTAGCATTTCGGAGATT,0.0,TGCC,TTTC,CGCCAGGCTTTAGCATTTCGGAG,CGCCAGGC,TTTAGCAT,TTCGGAG,ATT,1,0,0.5,0.25,0.5652173913043478,0.875,0.25,0.5714285714285714,58.83913043478262,30.0,22.0,8.0,-13.06,-8.43,-8.89,-32.660000000000004,0,0,0,0,1,0,0,0,0,0,0,0,1,0,0,0,0,1,0,0,1,0,0,0,1,0,0,1,0,0,0,0,0,1,0,0,0,1,0,0,1,0,0,67.37208700039203,-67.37208700039203,67.37208700039203,1
ACCCTTTCCGCGAGAAGCTGACCCTGCGGAAGGC,0.0,ACCC,TTTC,CGCGAGAAGCTGACCCTGCGGAA,CGCGAGAA,GCTGACCC,TGCGGAA,GGC,1,0,0.6470588235294118,0.25,0.6521739130434783,0.625,0.75,0.5714285714285714,62.40434782608696,26.0,22.0,4.0,-11.46,-11.39,-10.0,-35.410000000000004,0,0,0,0,1,0,0,0,0,0,0,0,1,0,0,0,0,1,0,0,1,0,0,0,0,1,0,1,0,0,0,0,0,1,0,1,0,0,0,1,0,0,0,57.02844338571259,-57.02844338571259,57.02844338571259,1
GCCTTTTCCGCTACAAGAGTATCCCTGTGGAGGA,7.6923076923076925,GCCT,TTTC,CGCTACAAGAGTATCCCTGTGGA,CGCTACAA,GAGTATCC,CTGTGGA,GGA,1,0,0.5294117647058824,0.25,0.5217391304347826,0.5,0.5,0.5714285714285714,57.056521739130446,24.0,22.0,2.0,-10.16,-8.620000000000001,-8.76,-30.66,0,0,0,0,1,0,0,0,0,0,0,0,1,0,0,0,0,1,0,0,1,0,0,0,0,0,1,1,0,0,0,0,1,0,0,1,0,0,0,1,0,0,0,59.54502158921331,-51.85271389690562,51.85271389690562,1
TAGGTTTCCGCTCTTTCTGTTTACTGTTAAAATC,1.2618296529968454,TAGG,TTTC,CGCTCTTTCTGTTTACTGTTAAA,CGCTCTTT,CTGTTTAC,TGTTAAA,ATC,1,0,0.35294117647058826,0.25,0.34782608695652173,0.5,0.375,0.14285714285714285,49.92608695652175,24.0,16.0,8.0,-10.27,-8.19,-6.47,-27.51,0,0,0,0,1,0,0,0,0,0,0,0,1,0,0,0,0,1,0,0,1,0,0,0,0,0,1,0,1,0,0,0,0,0,1,0,0,0,1,0,0,0,1,50.36636086797703,-49.104531214980184,49.104531214980184,1
AGTCTTTCCGCTGTTTCTCGGTGCACTCATTGCA,0.0,AGTC,TTTC,CGCTGTTTCTCGGTGCACTCATT,CGCTGTTT,CTCGGTGC,ACTCATT,GCA,1,0,0.5,0.25,0.5217391304347826,0.5,0.75,0.2857142857142857,57.056521739130446,24.0,18.0,6.0,-10.58,-11.72,-7.35,-32.4,0,0,0,0,1,0,0,0,0,0,0,0,1,0,0,0,0,1,0,0,1,0,0,0,0,0,1,0,0,1,0,0,0,0,1,0,0,0,1,0,0,0,1,48.55061734858151,-48.55061734858151,48.55061734858151,1
CCTCTTTCCGGAAGTTTCCATCTGGATCACCTCC,0.0,CCTC,TTTC,CGGAAGTTTCCATCTGGATCACC,CGGAAGTT,TCCATCTG,GATCACC,TCC,1,0,0.5294117647058824,0.25,0.5217391304347826,0.5,0.5,0.5714285714285714,57.056521739130446,24.0,22.0,2.0,-10.03,-9.5,-8.21,-30.580000000000002,0,0,0,0,1,0,0,0,0,0,0,0,1,0,0,0,0,1,0,0,0,1,0,1,0,0,0,1,0,0,0,0,0,1,0,0,0,0,1,0,0,0,1,51.24215184137937,-51.24215184137937,51.24215184137937,1
GCCGTTTCCGGACCTTCCTGCTCGACTCTGACTA,100.0,GCCG,TTTC,CGGACCTTCCTGCTCGACTCTGA,CGGACCTT,CCTGCTCG,ACTCTGA,CTA,1,1,0.5882352941176471,0.25,0.6086956521739131,0.625,0.75,0.42857142857142855,60.62173913043479,26.0,20.0,6.0,-10.870000000000001,-11.56,-8.05,-33.08,0,0,0,0,1,0,0,0,0,0,0,0,1,0,0,0,0,1,0,0,0,1,0,1,0,0,0,0,1,0,0,0,1,0,0,0,0,0,1,0,0,0,1,51.3929216051796,48.6070783948204,48.6070783948204,1
GATCTTTCCGGATCAATCCAGATGGCAGCCAGTC,0.0,GATC,TTTC,CGGATCAATCCAGATGGCAGCCA,CGGATCAA,TCCAGATG,GCAGCCA,GTC,1,0,0.5294117647058824,0.25,0.5652173913043478,0.5,0.5,0.7142857142857143,58.83913043478262,24.0,24.0,0.0,-9.94,-9.5,-10.5,-32.660000000000004,0,0,0,0,1,0,0,0,0,0,0,0,1,0,0,0,0,1,0,0,0,1,0,1,0,0,0,0,0,0,1,0,1,0,0,1,0,0,0,1,0,0,0,57.018273625258615,-57.018273625258615,57.018273625258615,1
CATATTTCCGGATCAGACCGTGCCGGTTTGAACA,10.44546850998464,CATA,TTTC,CGGATCAGACCGTGCCGGTTTGA,CGGATCAG,ACCGTGCC,GGTTTGA,ACA,1,0,0.5,0.25,0.6086956521739131,0.625,0.75,0.42857142857142855,60.62173913043479,26.0,20.0,6.0,-10.22,-12.42,-8.03,-34.14,0,0,0,0,1,0,0,0,0,0,0,0,1,0,0,0,0,1,0,0,0,1,0,1,0,0,0,0,0,0,1,0,1,0,0,1,0,0,0,0,0,1,0,60.05538694506114,-49.609918435076494,49.609918435076494,1
AGAATTTCCGGCCTTCATGGAGGCCTTCTCATCC,0.0,AGAA,TTTC,CGGCCTTCATGGAGGCCTTCTCA,CGGCCTTC,ATGGAGGC,CTTCTCA,TCC,1,0,0.5294117647058824,0.25,0.6086956521739131,0.75,0.625,0.42857142857142855,60.62173913043479,28.0,20.0,8.0,-11.67,-10.83,-7.61,-33.4,0,0,0,0,1,0,0,0,0,0,0,0,1,0,0,0,0,1,0,0,0,1,0,0,1,0,0,0,1,0,0,0,0,0,1,0,0,0,1,0,1,0,0,50.61948189973306,-50.61948189973306,50.61948189973306,1
AGGGTTTCCGGGGCTATTGTAATGGTCTGATGTC,19.303797468354432,AGGG,TTTC,CGGGGCTATTGTAATGGTCTGAT,CGGGGCTA,TTGTAATG,GTCTGAT,GTC,1,0,0.5,0.25,0.4782608695652174,0.75,0.25,0.42857142857142855,55.27391304347827,28.0,20.0,8.0,-11.790000000000001,-7.8,-7.65,-29.96,0,0,1,0,1,0,0,0,0,0,0,0,1,0,0,0,0,1,0,0,0,1,0,0,0,1,0,0,0,1,0,0,1,0,0,0,0,0,1,1,0,0,0,67.36530063344492,-48.061503165090485,48.061503165090485,1
ATTTTTTCCGTACTGATAGGCGATCTCATGCACC,0.4184100418410041,ATTT,TTTC,CGTACTGATAGGCGATCTCATGC,CGTACTGA,TAGGCGAT,CTCATGC,ACC,1,0,0.4411764705882353,0.25,0.5217391304347826,0.5,0.5,0.5714285714285714,57.056521739130446,24.0,22.0,2.0,-9.66,-10.290000000000001,-8.6,-30.73,0,0,0,0,1,0,0,0,0,0,0,0,1,0,0,0,0,1,0,0,0,0,1,1,0,0,0,0,1,0,0,0,0,0,1,0,0,1,0,1,0,0,0,61.93556651238106,-61.51715647054005,61.51715647054005,1
CTTCTTTCCGTCCCACTCAGGGAGGTCAGGTGTC,6.8235294117647065,CTTC,TTTC,CGTCCCACTCAGGGAGGTCAGGT,CGTCCCAC,TCAGGGAG,GTCAGGT,GTC,1,0,0.5882352941176471,0.25,0.6521739130434783,0.75,0.625,0.5714285714285714,62.40434782608696,28.0,22.0,6.0,-11.48,-10.290000000000001,-8.75,-33.64,0,0,0,0,1,0,0,0,0,0,0,0,1,0,0,0,0,1,0,0,0,0,1,0,1,0,0,0,1,0,0,0,1,0,0,1,0,0,0,0,1,0,0,68.31579275312328,-61.492263341358566,61.492263341358566,1
AACATTTCCGTGCCCATCTTGCTGGGCTGGGGTC,8.89029003783102,AACA,TTTC,CGTGCCCATCTTGCTGGGCTGGG,CGTGCCCA,TCTTGCTG,GGCTGGG,GTC,1,0,0.5882352941176471,0.25,0.6956521739130435,0.75,0.5,0.8571428571428571,64.18695652173913,28.0,26.0,2.0,-12.43,-10.0,-10.49,-35.64,0,0,0,0,1,0,0,0,0,0,0,0,1,0,0,0,0,1,0,0,0,0,1,0,0,1,0,0,1,0,0,0,1,0,0,0,1,0,0,1,0,0,0,56.89124613527806,-48.00095609744704,48.00095609744704,1
CTCTTTTCCGTTGGTCAAAACAGGTGTAGTGCAC,0.0,CTCT,TTTC,CGTTGGTCAAAACAGGTGTAGTG,CGTTGGTC,AAAACAGG,TGTAGTG,CAC,1,0,0.47058823529411764,0.25,0.4782608695652174,0.625,0.375,0.42857142857142855,55.27391304347827,26.0,20.0,6.0,-10.64,-9.01,-7.64,-30.18,0,0,0,0,1,0,0,0,0,0,0,0,1,0,0,0,0,1,0,0,0,0,1,0,0,0,1,0,0,1,0,0,0,1,0,0,0,0,1,0,1,0,0,64.57197150070286,-64.57197150070286,64.57197150070286,1
TCTCTTTCCGTTTGCCAATCTGTGAGGCGCACCC,0.0424448217317487,TCTC,TTTC,CGTTTGCCAATCTGTGAGGCGCA,CGTTTGCC,AATCTGTG,AGGCGCA,CCC,1,0,0.5588235294117647,0.25,0.5652173913043478,0.625,0.375,0.7142857142857143,58.83913043478262,26.0,24.0,2.0,-11.14,-8.8,-11.22,-33.910000000000004,0,0,0,0,1,0,0,0,0,0,0,0,1,0,0,0,0,1,0,0,0,0,1,0,0,0,1,0,0,0,1,0,0,1,0,0,1,0,0,0,1,0,0,54.363649663017775,-54.321204841286026,54.321204841286026,1
TTTCTTTCCTCAAAAAGTTGTTGCTGTTGCCTCC,5.790297339593114,TTTC,TTTC,CTCAAAAAGTTGTTGCTGTTGCC,CTCAAAAA,GTTGTTGC,TGTTGCC,TCC,1,0,0.4117647058823529,0.25,0.43478260869565216,0.25,0.5,0.5714285714285714,53.491304347826095,20.0,22.0,-2.0,-8.03,-10.02,-9.42,-30.03,0,0,0,0,1,0,0,0,0,0,0,0,1,0,0,0,0,0,1,0,1,0,0,1,0,0,0,1,0,0,0,1,0,0,0,1,0,0,0,1,0,0,0,60.028300070191854,-54.23800273059874,54.23800273059874,1
TTCTTTTCCTCATCTCTTCTTTCTTTCAGTCGAG,4.695340501792114,TTCT,TTTC,CTCATCTCTTCTTTCTTTCAGTC,CTCATCTC,TTCTTTCT,TTCAGTC,GAG,1,0,0.38235294117647056,0.25,0.391304347826087,0.5,0.25,0.42857142857142855,51.70869565217392,24.0,20.0,4.0,-8.790000000000001,-8.16,-7.77,-27.0,0,0,0,0,1,0,0,0,0,0,0,0,1,0,0,0,0,0,1,0,1,0,0,1,0,0,0,0,0,0,1,0,1,0,0,0,0,0,1,0,1,0,0,58.741561708589224,-54.04622120679711,54.04622120679711,1
GGCCTTTCCTCCACCACCTGCAGCTTCTCAGCCA,0.0,GGCC,TTTC,CTCCACCACCTGCAGCTTCTCAG,CTCCACCA,CCTGCAGC,TTCTCAG,CCA,1,0,0.6176470588235294,0.25,0.6086956521739131,0.625,0.75,0.42857142857142855,60.62173913043479,26.0,20.0,6.0,-10.6,-11.780000000000001,-7.61,-32.71,0,0,0,0,1,0,0,0,0,0,0,0,1,0,0,0,0,0,1,0,1,0,0,0,1,0,0,1,0,0,0,0,1,0,0,0,1,0,0,1,0,0,0,67.99837481818372,-67.99837481818372,67.99837481818372,1
GCTCTTTCCTCCTCAGCGGCCAGGTGGATTACGC,8.376068376068375,GCTC,TTTC,CTCCTCAGCGGCCAGGTGGATTA,CTCCTCAG,CGGCCAGG,TGGATTA,CGC,1,0,0.6176470588235294,0.25,0.6086956521739131,0.625,0.875,0.2857142857142857,60.62173913043479,26.0,18.0,8.0,-9.73,-12.66,-7.05,-33.12,0,0,0,0,1,0,0,0,0,0,0,0,1,0,0,0,0,0,1,0,1,0,0,0,1,0,0,0,0,0,1,0,1,0,0,1,0,0,0,0,0,1,0,56.72960237893279,-48.353534002864414,48.353534002864414,1
GCAGTTTCCTCCTCGCCATGGCAGCTGCTCGATG,100.0,GCAG,TTTC,CTCCTCGCCATGGCAGCTGCTCG,CTCCTCGC,CATGGCAG,CTGCTCG,ATG,1,1,0.6176470588235294,0.25,0.6956521739130435,0.75,0.625,0.7142857142857143,64.18695652173913,28.0,24.0,4.0,-11.41,-10.59,-9.72,-35.800000000000004,0,0,0,0,1,0,0,0,0,0,0,0,1,0,0,0,0,0,1,0,1,0,0,0,1,0,0,0,0,0,1,0,1,0,0,0,0,1,0,0,1,0,0,49.49759134061373,50.50240865938627,50.50240865938627,1
TATATTTCCTCCTTATGTTTGGTGGCCTTGACAA,0.1919385796545105,TATA,TTTC,CTCCTTATGTTTGGTGGCCTTGA,CTCCTTAT,GTTTGGTG,GCCTTGA,CAA,1,0,0.38235294117647056,0.25,0.4782608695652174,0.375,0.5,0.5714285714285714,55.27391304347827,22.0,22.0,0.0,-8.16,-9.62,-9.11,-30.18,0,0,0,0,1,0,0,0,0,0,0,0,1,0,0,0,0,0,1,0,1,0,0,0,1,0,0,0,0,0,1,0,0,0,1,1,0,0,0,0,0,0,1,51.62481285563683,-51.43287427598232,51.43287427598232,1
AGCGTTTCCTCTACGTCTGTTGAATTTGGTTCTT,0.0,AGCG,TTTC,CTCTACGTCTGTTGAATTTGGTT,CTCTACGT,CTGTTGAA,TTTGGTT,CTT,1,0,0.4117647058823529,0.25,0.391304347826087,0.5,0.375,0.2857142857142857,51.70869565217392,24.0,18.0,6.0,-9.49,-8.92,-7.73,-28.32,0,0,0,0,1,0,0,0,0,0,0,0,1,0,0,0,0,0,1,0,1,0,0,0,0,0,1,1,0,0,0,0,1,0,0,0,0,1,0,0,0,0,1,59.88439159336521,-59.88439159336521,59.88439159336521,1
GTTATTTCCTCTGGGTGTGCAACACGGCTCTTCG,100.0,GTTA,TTTC,CTCTGGGTGTGCAACACGGCTCT,CTCTGGGT,GTGCAACA,CGGCTCT,TCG,1,1,0.5294117647058824,0.25,0.6086956521739131,0.625,0.5,0.7142857142857143,60.62173913043479,26.0,24.0,2.0,-10.43,-10.47,-10.11,-33.9,0,0,0,0,1,0,0,0,0,0,0,0,1,0,0,0,0,0,1,0,1,0,0,0,0,0,1,0,0,1,0,0,0,1,0,0,0,1,0,0,0,0,1,48.83732323273134,51.16267676726866,51.16267676726866,1
GGGGTTTCCTGCAGAATTTGCGATGTACTTAAAC,6.4128256513026045,GGGG,TTTC,CTGCAGAATTTGCGATGTACTTA,CTGCAGAA,TTTGCGAT,GTACTTA,AAC,1,0,0.4411764705882353,0.25,0.391304347826087,0.5,0.375,0.2857142857142857,51.70869565217392,24.0,18.0,6.0,-10.0,-10.040000000000001,-6.32,-28.69,0,0,0,0,1,0,0,0,0,0,0,0,1,0,0,0,0,0,1,0,0,1,0,0,1,0,0,1,0,0,0,0,0,1,0,1,0,0,0,1,0,0,0,78.07866277951591,-71.6658371282133,71.6658371282133,1
TGATTTTCCTGCTTCCAGATCTGAGTATTGATGC,13.986013986013988,TGAT,TTTC,CTGCTTCCAGATCTGAGTATTGA,CTGCTTCC,AGATCTGA,GTATTGA,TGC,1,0,0.4117647058823529,0.25,0.43478260869565216,0.625,0.375,0.2857142857142857,53.491304347826095,26.0,18.0,8.0,-10.39,-8.790000000000001,-6.65,-28.56,0,0,0,0,1,0,0,0,0,0,0,0,1,0,0,0,0,0,1,0,0,1,0,0,1,0,0,0,0,0,1,0,0,0,1,0,1,0,0,0,1,0,0,66.04269266132658,-52.0566786753126,52.0566786753126,1
TGTGTTTCCTGGATCTATTATTCTGCAGTGGATC,0.0,TGTG,TTTC,CTGGATCTATTATTCTGCAGTGG,CTGGATCT,ATTATTCT,GCAGTGG,ATC,1,0,0.4117647058823529,0.25,0.43478260869565216,0.5,0.125,0.7142857142857143,53.491304347826095,24.0,24.0,0.0,-9.33,-6.92,-9.7,-27.98,0,0,0,0,1,0,0,0,0,0,0,0,1,0,0,0,0,0,1,0,0,1,0,0,0,1,0,1,0,0,0,0,0,0,1,0,1,0,0,0,0,0,1,54.47139527225836,-54.47139527225836,54.47139527225836,1
TGTGTTTCCTGGGCTTCCGCTGCAGCCCTTCCAC,0.2816901408450704,TGTG,TTTC,CTGGGCTTCCGCTGCAGCCCTTC,CTGGGCTT,CCGCTGCA,GCCCTTC,CAC,1,0,0.6176470588235294,0.25,0.6956521739130435,0.625,0.75,0.7142857142857143,64.18695652173913,26.0,24.0,2.0,-10.93,-12.67,-9.5,-35.68,0,0,0,0,1,0,0,0,0,0,0,0,1,0,0,0,0,0,1,0,0,1,0,0,0,1,0,0,0,1,0,0,1,0,0,0,0,0,1,0,0,0,1,48.99155453762337,-48.7098643967783,48.7098643967783,1
CTTGTTTCCTGTTAAAATAGCACTGTTTGGTGTC,14.40443213296399,CTTG,TTTC,CTGTTAAAATAGCACTGTTTGGT,CTGTTAAA,ATAGCACT,GTTTGGT,GTC,1,0,0.38235294117647056,0.25,0.34782608695652173,0.25,0.375,0.42857142857142855,49.92608695652175,20.0,20.0,0.0,-7.75,-9.15,-8.17,-27.52,0,0,0,0,1,0,0,0,0,0,0,0,1,0,0,0,0,0,1,0,0,1,0,0,0,0,1,0,0,0,1,1,0,0,0,1,0,0,0,1,0,0,0,69.55700689088926,-55.152574757925265,55.152574757925265,1
AGCCTTTCCTTAATAGTGATCTACGACGCTCCCC,5.039370078740157,AGCC,TTTC,CTTAATAGTGATCTACGACGCTC,CTTAATAG,TGATCTAC,GACGCTC,CCC,1,0,0.5,0.25,0.43478260869565216,0.25,0.375,0.7142857142857143,53.491304347826095,20.0,24.0,-4.0,-6.6,-8.23,-9.73,-28.17,0,0,0,0,1,0,0,0,0,0,0,0,1,0,0,0,0,0,1,0,0,0,1,1,0,0,0,1,0,0,0,0,0,0,1,1,0,0,0,0,0,1,0,59.72442671334411,-54.68505663460395,54.68505663460395,1
GCCCTTTCCTTTTCCCACTGTATGATACTGTGTT,83.93782383419689,GCCC,TTTC,CTTTTCCCACTGTATGATACTGT,CTTTTCCC,ACTGTATG,ATACTGT,GTT,1,1,0.4411764705882353,0.25,0.391304347826087,0.5,0.375,0.2857142857142857,51.70869565217392,24.0,18.0,6.0,-9.26,-8.52,-7.07,-27.6,1,0,0,0,1,0,0,0,0,0,0,0,1,0,0,0,0,0,1,0,0,0,1,0,0,0,1,0,0,0,1,0,1,0,0,0,1,0,0,0,1,0,0,33.9400776655564,49.99774616864049,49.99774616864049,1
AGGCTTTCGACTTCCGCGTGGGCGCCACAGACCG,0.0,AGGC,TTTC,GACTTCCGCGTGGGCGCCACAGA,GACTTCCG,CGTGGGCG,CCACAGA,CCG,1,0,0.6764705882352942,0.25,0.6956521739130435,0.625,0.875,0.5714285714285714,64.18695652173913,26.0,22.0,4.0,-10.33,-13.15,-8.76,-36.72,0,0,0,0,1,0,0,0,0,0,1,0,0,1,0,1,0,0,0,0,1,0,0,0,0,0,1,0,0,0,1,0,1,0,0,0,1,0,0,0,0,1,0,47.832646120011475,-47.832646120011475,47.832646120011475,1
GGGGTTTCGAGCACTCCACCGTCTGCCACCAAAC,0.0,GGGG,TTTC,GAGCACTCCACCGTCTGCCACCA,GAGCACTC,CACCGTCT,GCCACCA,AAC,1,0,0.6176470588235294,0.25,0.6521739130434783,0.625,0.625,0.7142857142857143,62.40434782608696,26.0,24.0,2.0,-10.290000000000001,-10.92,-10.26,-34.76,0,0,0,0,1,0,0,0,0,0,1,0,0,1,0,1,0,0,0,0,0,1,0,0,1,0,0,1,0,0,0,0,1,0,0,0,0,0,1,0,1,0,0,62.289966181520626,-62.289966181520626,62.289966181520626,1
AGGATTTCGAGCAGTTCCTGCTCCCGGTCATCAA,0.1594896331738437,AGGA,TTTC,GAGCAGTTCCTGCTCCCGGTCAT,GAGCAGTT,CCTGCTCC,CGGTCAT,CAA,1,0,0.5294117647058824,0.25,0.6086956521739131,0.5,0.75,0.5714285714285714,60.62173913043479,24.0,22.0,2.0,-9.99,-11.23,-9.08,-33.44,0,0,0,0,1,0,0,0,0,0,1,0,0,1,0,1,0,0,0,0,0,1,0,0,1,0,0,1,0,0,0,0,0,1,0,0,0,0,1,0,0,0,1,57.460956629858096,-57.301466996684255,57.301466996684255,1
GCTGTTTCGAGTGCGAAAAAGGAGGATGACTGGT,0.0,GCTG,TTTC,GAGTGCGAAAAAGGAGGATGACT,GAGTGCGA,AAAAGGAG,GATGACT,GGT,1,0,0.5,0.25,0.4782608695652174,0.625,0.375,0.42857142857142855,55.27391304347827,26.0,20.0,6.0,-11.18,-8.7,-7.65,-30.37,0,0,0,0,1,0,0,0,0,0,1,0,0,1,0,1,0,0,0,0,0,1,0,0,0,0,1,0,0,1,0,0,1,0,0,0,0,1,0,1,0,0,0,70.32168225831312,-70.32168225831312,70.32168225831312,1
GCGGTTTCGATCTCCCGCCCGCGCTAGCCTCCGG,100.0,GCGG,TTTC,GATCTCCCGCCCGCGCTAGCCTC,GATCTCCC,GCCCGCGC,TAGCCTC,CGG,1,1,0.7352941176470589,0.25,0.7391304347826086,0.625,1.0,0.5714285714285714,65.9695652173913,26.0,22.0,4.0,-9.74,-14.74,-8.52,-36.45,0,0,0,0,1,0,0,0,0,0,1,0,0,1,0,1,0,0,0,0,0,0,1,0,1,0,0,0,0,0,1,0,1,0,0,0,1,0,0,0,1,0,0,46.62685040196627,53.37314959803373,53.37314959803373,1
GCTTTTTCGCCCTTAGCGTGAAGATGGCCTCGGG,0.3252032520325203,GCTT,TTTC,GCCCTTAGCGTGAAGATGGCCTC,GCCCTTAG,CGTGAAGA,TGGCCTC,GGG,1,0,0.5882352941176471,0.25,0.6086956521739131,0.625,0.5,0.7142857142857143,60.62173913043479,26.0,24.0,2.0,-10.06,-9.94,-9.950000000000001,-33.07,0,0,0,0,1,0,0,0,0,0,0,0,0,1,0,0,1,0,0,0,1,0,0,0,1,0,0,0,0,0,1,0,0,0,1,1,0,0,0,0,0,1,0,58.82052173353381,-58.495318481501286,58.495318481501286,1
TAACTTTCGCTCTGGGACCTTGGCAGACCTGCTG,0.0,TAAC,TTTC,GCTCTGGGACCTTGGCAGACCTG,GCTCTGGG,ACCTTGGC,AGACCTG,CTG,1,0,0.5588235294117647,0.25,0.6521739130434783,0.75,0.625,0.5714285714285714,62.40434782608696,28.0,22.0,6.0,-11.23,-11.09,-8.59,-33.660000000000004,0,0,0,0,1,0,0,0,0,0,0,0,0,1,0,0,1,0,0,0,0,0,1,0,1,0,0,0,0,0,1,0,0,1,0,0,0,1,0,0,0,1,0,66.99107262984394,-66.99107262984394,66.99107262984394,1
GTCTTTTCGCTGCCCGGTGGTTTGGCAGTTTGAA,12.48,GTCT,TTTC,GCTGCCCGGTGGTTTGGCAGTTT,GCTGCCCG,GTGGTTTG,GCAGTTT,GAA,1,0,0.5294117647058824,0.25,0.6086956521739131,0.875,0.5,0.42857142857142855,60.62173913043479,30.0,20.0,10.0,-13.06,-9.62,-8.41,-34.77,0,0,0,0,1,0,0,0,0,0,0,0,0,1,0,0,1,0,0,0,0,0,1,0,0,1,0,0,1,0,0,0,1,0,0,0,1,0,0,0,0,1,0,70.14990606244339,-57.66990606244339,57.66990606244339,1
ATGCTTTCGCTTGCGGTGCTGCAAGTCCTGCTCG,0.1257861635220125,ATGC,TTTC,GCTTGCGGTGCTGCAAGTCCTGC,GCTTGCGG,TGCTGCAA,GTCCTGC,TCG,1,0,0.5882352941176471,0.25,0.6521739130434783,0.75,0.5,0.7142857142857143,62.40434782608696,28.0,24.0,4.0,-12.22,-11.11,-9.55,-35.6,0,0,0,0,1,0,0,0,0,0,0,0,0,1,0,0,1,0,0,0,0,0,1,0,0,0,1,0,0,1,0,0,1,0,0,0,0,1,0,0,0,1,0,57.402002729832994,-57.27621656631098,57.27621656631098,1
TTATTTTCGGACAGGAGGTCTCTGTTCCTGGTTT,21.42051860202931,TTAT,TTTC,GGACAGGAGGTCTCTGTTCCTGG,GGACAGGA,GGTCTCTG,TTCCTGG,TTT,1,1,0.4411764705882353,0.25,0.6086956521739131,0.625,0.625,0.5714285714285714,60.62173913043479,26.0,22.0,4.0,-10.45,-9.89,-8.71,-31.77,0,0,0,0,1,0,0,0,0,1,0,0,0,1,0,0,0,1,0,1,0,0,0,0,1,0,0,1,0,0,0,0,0,1,0,0,0,1,0,1,0,0,0,71.73758058795971,-50.3170619859304,50.3170619859304,1
CCGGTTTCGGATCGCGTCCTCTCACAGTGGGCGA,0.1510574018126888,CCGG,TTTC,GGATCGCGTCCTCTCACAGTGGG,GGATCGCG,TCCTCTCA,CAGTGGG,CGA,1,0,0.6470588235294118,0.25,0.6521739130434783,0.75,0.5,0.7142857142857143,62.40434782608696,28.0,24.0,4.0,-11.9,-9.75,-9.3,-33.83,0,0,0,0,1,0,0,0,0,1,0,0,0,1,0,0,0,1,0,1,0,0,0,0,0,0,1,0,1,0,0,0,0,1,0,0,1,0,0,0,0,1,0,65.90414005092974,-65.75308264911705,65.75308264911705,1
GTACTTTCGGCACTCGGCCTCCAGGGCGCGTATC,0.0,GTAC,TTTC,GGCACTCGGCCTCCAGGGCGCGT,GGCACTCG,GCCTCCAG,GGCGCGT,ATC,1,0,0.6470588235294118,0.25,0.782608695652174,0.75,0.75,0.8571428571428571,67.75217391304349,28.0,26.0,2.0,-11.72,-11.23,-12.1,-38.730000000000004,0,0,0,0,1,0,0,0,0,1,0,0,0,1,0,0,0,1,0,0,1,0,0,1,0,0,0,0,1,0,0,0,0,0,1,0,1,0,0,0,0,1,0,47.99473603029492,-47.99473603029492,47.99473603029492,1
AGTGTTTCGGGAAGGCAAAAGTGTCCCAGTGAGG,7.906976744186046,AGTG,TTTC,GGGAAGGCAAAAGTGTCCCAGTG,GGGAAGGC,AAAAGTGT,CCCAGTG,AGG,1,0,0.5294117647058824,0.25,0.5652173913043478,0.75,0.25,0.7142857142857143,58.83913043478262,28.0,24.0,4.0,-11.34,-8.61,-9.3,-32.0,0,0,0,0,1,0,0,0,0,1,0,0,0,1,0,0,0,1,0,0,0,1,0,1,0,0,0,1,0,0,0,0,0,1,0,0,0,1,0,0,1,0,0,67.35396297469265,-59.4469862305066,59.4469862305066,1
CATCTTTCGGGAGTGGATCTGCATGATTCTGGCC,12.93916023993145,CATC,TTTC,GGGAGTGGATCTGCATGATTCTG,GGGAGTGG,ATCTGCAT,GATTCTG,GCC,1,0,0.5294117647058824,0.25,0.5217391304347826,0.75,0.375,0.42857142857142855,57.056521739130446,28.0,20.0,8.0,-10.99,-9.48,-7.21,-30.43,0,0,0,0,1,0,0,0,0,1,0,0,0,1,0,0,0,1,0,0,0,1,0,1,0,0,0,0,0,1,0,0,0,0,1,0,0,1,0,0,0,1,0,68.64145868464824,-55.70229844471679,55.70229844471679,1
ACAGTTTCGGGCGGCCCTGCAGCTGGTGGTCAGC,100.0,ACAG,TTTC,GGGCGGCCCTGCAGCTGGTGGTC,GGGCGGCC,CTGCAGCT,GGTGGTC,AGC,1,1,0.6764705882352942,0.25,0.782608695652174,1.0,0.625,0.7142857142857143,67.75217391304349,32.0,24.0,8.0,-14.010000000000002,-11.22,-9.31,-37.83,0,0,0,0,1,0,0,0,0,1,0,0,0,1,0,0,0,1,0,0,0,1,0,0,1,0,0,0,0,1,0,0,0,1,0,0,1,0,0,0,1,0,0,48.29645799843308,51.70354200156692,51.70354200156692,1
GGCCTTTCGGGCTCGTTTCGAGACCGACATCTGG,7.21747388414055,GGCC,TTTC,GGGCTCGTTTCGAGACCGACATC,GGGCTCGT,TTCGAGAC,CGACATC,TGG,1,0,0.6176470588235294,0.25,0.6086956521739131,0.75,0.5,0.5714285714285714,60.62173913043479,28.0,22.0,6.0,-12.11,-9.79,-8.54,-33.28,0,0,0,0,1,0,0,0,0,1,0,0,0,1,0,0,0,1,0,0,0,1,0,0,1,0,0,0,0,0,1,0,1,0,0,0,0,1,0,0,0,0,1,57.293006941545386,-50.07553305740483,50.07553305740483,1
TGTCTTTCGGGCTGTCATGAACAGAATGGCTACT,7.847533632286996,TGTC,TTTC,GGGCTGTCATGAACAGAATGGCT,GGGCTGTC,ATGAACAG,AATGGCT,ACT,1,0,0.47058823529411764,0.25,0.5217391304347826,0.75,0.375,0.42857142857142855,57.056521739130446,28.0,20.0,8.0,-11.39,-8.8,-8.69,-31.63,0,0,0,0,1,0,0,0,0,1,0,0,0,1,0,0,0,1,0,0,0,1,0,0,1,0,0,0,0,0,1,0,0,1,0,0,0,0,1,0,1,0,0,61.96273881003061,-54.11520517774361,54.11520517774361,1
GATCTTTCGGGGCAGCATGCCTCCATGAGGCCGG,10.253583241455347,GATC,TTTC,GGGGCAGCATGCCTCCATGAGGC,GGGGCAGC,ATGCCTCC,ATGAGGC,CGG,1,0,0.6470588235294118,0.25,0.6956521739130435,0.875,0.625,0.5714285714285714,64.18695652173913,30.0,22.0,8.0,-12.73,-10.83,-8.99,-35.45,0,0,1,0,1,0,0,0,0,1,0,0,0,1,0,0,0,1,0,0,0,1,0,0,0,1,0,0,1,0,0,1,0,0,0,0,0,1,0,0,1,0,0,66.54215152720339,-56.28856828574804,56.28856828574804,1
GGCCTTTCGGGGCTTGCGGAGCGGGAAGGGCAGG,92.79503105590062,GGCC,TTTC,GGGGCTTGCGGAGCGGGAAGGGC,GGGGCTTG,CGGAGCGG,GAAGGGC,AGG,1,1,0.7352941176470589,0.25,0.782608695652174,0.75,0.875,0.7142857142857143,67.75217391304349,28.0,24.0,4.0,-11.49,-12.84,-9.5,-37.910000000000004,0,0,1,0,1,0,0,0,0,1,0,0,0,1,0,0,0,1,0,0,0,1,0,0,0,1,0,0,1,0,0,0,0,0,1,0,0,0,1,0,0,1,0,36.06866061997842,56.726370435922206,56.726370435922206,1
GGGCTTTCGGGGGGACCCACTGGTCCCTGGGCTT,0.0,GGGC,TTTC,GGGGGGACCCACTGGTCCCTGGG,GGGGGGAC,CCACTGGT,CCCTGGG,CTT,1,0,0.7058823529411765,0.25,0.782608695652174,0.875,0.625,0.8571428571428571,67.75217391304349,30.0,26.0,4.0,-11.940000000000001,-10.74,-10.09,-35.910000000000004,0,0,1,0,1,0,0,0,0,1,0,0,0,1,0,0,0,1,0,0,0,1,0,0,0,1,0,0,0,1,0,0,0,1,0,1,0,0,0,0,1,0,0,50.319288428668386,-50.319288428668386,50.319288428668386,1
CTCCTTTCGGTCCACCATCTATGGCTCTCGGCTG,13.410596026490063,CTCC,TTTC,GGTCCACCATCTATGGCTCTCGG,GGTCCACC,ATCTATGG,CTCTCGG,CTG,1,0,0.5882352941176471,0.25,0.6086956521739131,0.75,0.375,0.7142857142857143,60.62173913043479,28.0,24.0,4.0,-11.15,-8.21,-9.17,-32.22,0,0,0,0,1,0,0,0,0,1,0,0,0,1,0,0,0,1,0,0,0,0,1,0,1,0,0,0,1,0,0,1,0,0,0,0,1,0,0,0,1,0,0,73.78737156321671,-60.37677553672665,60.37677553672665,1
ATCATTTCGTCATCAGGATGCTTCAGTAGAAAGG,0.3663003663003663,ATCA,TTTC,GTCATCAGGATGCTTCAGTAGAA,GTCATCAG,GATGCTTC,AGTAGAA,AGG,1,0,0.4117647058823529,0.25,0.43478260869565216,0.5,0.5,0.2857142857142857,53.491304347826095,24.0,18.0,6.0,-9.1,-9.450000000000001,-6.88,-28.72,0,0,0,0,1,0,0,0,0,0,0,0,0,1,0,0,0,0,1,0,1,0,0,1,0,0,0,0,0,0,1,0,1,0,0,1,0,0,0,0,0,1,0,73.6568737568782,-73.29057339057783,73.29057339057783,1
AACTTTTCGTCCAACTTCTGGGCTGTTCTCGCTT,25.753768844221103,AACT,TTTC,GTCCAACTTCTGGGCTGTTCTCG,GTCCAACT,TCTGGGCT,GTTCTCG,CTT,1,1,0.47058823529411764,0.25,0.5652173913043478,0.5,0.625,0.5714285714285714,58.83913043478262,24.0,22.0,2.0,-9.75,-11.23,-8.49,-31.92,0,0,0,0,1,0,0,0,0,0,0,0,0,1,0,0,0,0,1,0,1,0,0,0,1,0,0,1,0,0,0,1,0,0,0,0,1,0,0,0,0,0,1,75.16831711853531,-49.414548274314214,49.414548274314214,1
ACCGTTTCGTGTGCAGTGGCGCTCGTGGTGAGCA,4.80349344978166,ACCG,TTTC,GTGTGCAGTGGCGCTCGTGGTGA,GTGTGCAG,TGGCGCTC,GTGGTGA,GCA,1,0,0.6176470588235294,0.25,0.6521739130434783,0.625,0.75,0.5714285714285714,62.40434782608696,26.0,22.0,4.0,-10.75,-12.52,-8.92,-35.8,0,0,0,0,1,0,0,0,0,0,0,0,0,1,0,0,0,0,1,0,0,1,0,0,0,0,1,0,0,1,0,0,1,0,0,1,0,0,0,0,0,1,0,56.93380829427143,-52.13031484448977,52.13031484448977,1
GACATTTCGTTTCAGTTCCAGGAGCACAGTGGTT,12.704523580365738,GACA,TTTC,GTTTCAGTTCCAGGAGCACAGTG,GTTTCAGT,TCCAGGAG,CACAGTG,GTT,1,0,0.47058823529411764,0.25,0.5217391304347826,0.375,0.625,0.5714285714285714,57.056521739130446,22.0,22.0,0.0,-8.91,-10.290000000000001,-8.51,-30.95,0,0,0,0,1,0,0,0,0,0,0,0,0,1,0,0,0,0,1,0,0,0,1,0,0,0,1,0,1,0,0,1,0,0,0,0,0,1,0,0,0,0,1,73.51011604143143,-60.80559246106569,60.80559246106569,1
TCCATTTCTACCCCTGGGTCCTGCGGAACCGCTT,93.66515837104072,TCCA,TTTC,TACCCCTGGGTCCTGCGGAACCG,TACCCCTG,GGTCCTGC,GGAACCG,CTT,1,1,0.5882352941176471,0.25,0.6956521739130435,0.625,0.75,0.7142857142857143,64.18695652173913,26.0,24.0,2.0,-10.27,-11.39,-9.59,-35.26,0,0,0,0,1,0,0,0,0,0,0,0,0,0,1,1,0,0,0,0,1,0,0,0,1,0,0,0,1,0,0,0,1,0,0,0,0,0,1,0,0,1,0,43.8500476336308,49.81511073740992,49.81511073740992,1
TGACTTTCTACTGATCATCTGCCTGCCGTTCGTG,19.051243023845764,TGAC,TTTC,TACTGATCATCTGCCTGCCGTTC,TACTGATC,ATCTGCCT,GCCGTTC,GTG,1,0,0.5,0.25,0.5217391304347826,0.375,0.5,0.7142857142857143,57.056521739130446,22.0,24.0,-2.0,-8.23,-10.27,-9.99,-31.39,0,0,0,0,1,0,0,0,0,0,0,0,0,0,1,1,0,0,0,0,1,0,0,0,0,0,1,0,0,1,0,1,0,0,0,0,0,0,1,0,1,0,0,67.82233211163982,-48.77108908779406,48.77108908779406,1
TTTTTTTCTAGTTGCTTGTTGAGATTTTTTGCTA,70.23411371237458,TTTT,TTTC,TAGTTGCTTGTTGAGATTTTTTG,TAGTTGCT,TGTTGAGA,TTTTTTG,CTA,1,1,0.2647058823529412,0.25,0.30434782608695654,0.375,0.375,0.14285714285714285,48.14347826086957,22.0,16.0,6.0,-9.27,-9.22,-6.45,-26.82,1,1,0,0,1,0,0,0,0,0,0,0,0,0,1,1,0,0,0,0,0,1,0,0,0,0,1,0,0,0,1,0,0,1,0,0,1,0,0,0,0,0,1,16.739013440070018,53.49510027230456,53.49510027230456,1
GATTTTTCTATCAACTTCAGACTTGACTTGGTTT,0.5226480836236934,GATT,TTTC,TATCAACTTCAGACTTGACTTGG,TATCAACT,TCAGACTT,GACTTGG,TTT,1,0,0.3235294117647059,0.25,0.391304347826087,0.25,0.375,0.5714285714285714,51.70869565217392,20.0,22.0,-2.0,-7.93,-9.05,-8.31,-27.74,0,0,0,0,1,0,0,0,0,0,0,0,0,0,1,1,0,0,0,0,0,0,1,0,1,0,0,1,0,0,0,1,0,0,0,0,1,0,0,0,0,0,1,51.394205651717655,-50.87155756809396,50.87155756809396,1
CTGCTTTCTCACTCTTGGAGTATCAATAACCAGG,94.82071713147413,CTGC,TTTC,TCACTCTTGGAGTATCAATAACC,TCACTCTT,GGAGTATC,AATAACC,AGG,1,1,0.4411764705882353,0.25,0.391304347826087,0.375,0.5,0.2857142857142857,51.70869565217392,22.0,18.0,4.0,-9.05,-8.620000000000001,-6.74,-27.31,0,0,0,0,1,0,0,0,0,0,0,0,0,0,1,0,1,0,0,1,0,0,0,0,1,0,0,0,0,0,1,0,1,0,0,0,0,0,1,0,0,0,1,42.922557853599905,51.89815927787422,51.89815927787422,1
TGAGTTTCTCAGAGGAGTAAGCCCCATGAATCTT,0.0,TGAG,TTTC,TCAGAGGAGTAAGCCCCATGAAT,TCAGAGGA,GTAAGCCC,CATGAAT,CTT,1,0,0.4411764705882353,0.25,0.4782608695652174,0.5,0.625,0.2857142857142857,55.27391304347827,24.0,18.0,6.0,-9.75,-10.22,-6.96,-30.05,0,0,0,0,1,0,0,0,0,0,0,0,0,0,1,0,1,0,0,1,0,0,0,0,0,1,0,1,0,0,0,0,0,1,0,0,0,1,0,1,0,0,0,73.48922403484474,-73.48922403484474,73.48922403484474,1
TGGCTTTCTCAGGGATACTGCCATTTGTTTTCCT,0.0,TGGC,TTTC,TCAGGGATACTGCCATTTGTTTT,TCAGGGAT,ACTGCCAT,TTGTTTT,CCT,1,0,0.4411764705882353,0.25,0.391304347826087,0.5,0.5,0.14285714285714285,51.70869565217392,24.0,16.0,8.0,-9.89,-10.58,-6.89,-28.94,1,0,0,0,1,0,0,0,0,0,0,0,0,0,1,0,1,0,0,1,0,0,0,0,0,1,0,0,0,1,0,0,0,1,0,1,0,0,0,0,0,0,1,56.607056889270176,-56.607056889270176,56.607056889270176,1
ACACTTTCTCATAAATCTTGTTCGGATGCTCTGG,8.157099697885197,ACAC,TTTC,TCATAAATCTTGTTCGGATGCTC,TCATAAAT,CTTGTTCG,GATGCTC,TGG,1,0,0.4117647058823529,0.25,0.391304347826087,0.125,0.5,0.5714285714285714,51.70869565217392,18.0,22.0,-4.0,-7.09,-9.64,-8.450000000000001,-28.32,0,0,0,0,1,0,0,0,0,0,0,0,0,0,1,0,1,0,0,1,0,0,0,0,0,0,1,1,0,0,0,1,0,0,0,1,0,0,0,0,0,0,1,61.62264164575577,-53.46554194787058,53.46554194787058,1
CACCTTTCTCCACCTCGCTAGGTCGCGTCACGTA,0.0,CACC,TTTC,TCCACCTCGCTAGGTCGCGTCAC,TCCACCTC,GCTAGGTC,GCGTCAC,GTA,1,0,0.5882352941176471,0.25,0.6521739130434783,0.625,0.625,0.7142857142857143,62.40434782608696,26.0,24.0,2.0,-10.45,-9.96,-10.04,-34.79,0,0,0,0,1,0,0,0,0,0,0,0,0,0,1,0,1,0,0,0,1,0,0,1,0,0,0,0,1,0,0,0,1,0,0,0,0,0,1,0,1,0,0,56.106421925729975,-56.106421925729975,56.106421925729975,1
GGTTTTTCTCCACTGTGGATTCGCTGATGGATCA,0.0,GGTT,TTTC,TCCACTGTGGATTCGCTGATGGA,TCCACTGT,GGATTCGC,TGATGGA,TCA,1,0,0.47058823529411764,0.25,0.5217391304347826,0.5,0.625,0.42857142857142855,57.056521739130446,24.0,20.0,4.0,-10.2,-10.73,-8.22,-31.88,0,0,0,0,1,0,0,0,0,0,0,0,0,0,1,0,1,0,0,0,1,0,0,1,0,0,0,0,1,0,0,0,0,0,1,0,0,1,0,0,0,0,1,56.39263347158118,-56.39263347158118,56.39263347158118,1
CACTTTTCTCCAGACGAAGTTGAGGCTTCTTTCG,13.390928725701944,CACT,TTTC,TCCAGACGAAGTTGAGGCTTCTT,TCCAGACG,AAGTTGAG,GCTTCTT,TCG,1,0,0.47058823529411764,0.25,0.4782608695652174,0.625,0.375,0.42857142857142855,55.27391304347827,26.0,20.0,6.0,-10.78,-8.75,-8.1,-30.77,0,0,0,0,1,0,0,0,0,0,0,0,0,0,1,0,1,0,0,0,1,0,0,1,0,0,0,0,0,1,0,1,0,0,0,0,1,0,0,0,0,1,0,66.67417682265803,-53.283248096956086,53.283248096956086,1
ATTCTTTCTCCAGCTCCAGGGTCTGGTAGCGGGT,4.634146341463414,ATTC,TTTC,TCCAGCTCCAGGGTCTGGTAGCG,TCCAGCTC,CAGGGTCT,GGTAGCG,GGT,1,0,0.5588235294117647,0.25,0.6521739130434783,0.625,0.625,0.7142857142857143,62.40434782608696,26.0,24.0,2.0,-10.690000000000001,-10.43,-9.55,-33.96,0,0,0,0,1,0,0,0,0,0,0,0,0,0,1,0,1,0,0,0,1,0,0,1,0,0,0,0,0,1,0,0,1,0,0,0,0,0,1,0,1,0,0,57.31923658405425,-52.68509024259084,52.68509024259084,1
AGATTTTCTCCATCTCTTCTAATAGCTTTTCCAA,100.0,AGAT,TTTC,TCCATCTCTTCTAATAGCTTTTC,TCCATCTC,TTCTAATA,GCTTTTC,CAA,1,1,0.3235294117647059,0.25,0.34782608695652173,0.5,0.125,0.42857142857142855,49.92608695652175,24.0,20.0,4.0,-9.35,-6.62,-7.82,-26.35,1,0,0,0,1,0,0,0,0,0,0,0,0,0,1,0,1,0,0,0,1,0,0,1,0,0,0,0,0,0,1,0,1,0,0,0,0,0,1,0,1,0,0,12.298095158238418,87.70190484176157,87.70190484176157,1
AATCTTTCTCCCAGCAGCCAGCGTTGGACACCAC,0.0,AATC,TTTC,TCCCAGCAGCCAGCGTTGGACAC,TCCCAGCA,GCCAGCGT,TGGACAC,CAC,1,0,0.5588235294117647,0.25,0.6521739130434783,0.625,0.75,0.5714285714285714,62.40434782608696,26.0,22.0,4.0,-11.4,-12.66,-8.92,-35.26,0,0,0,0,1,0,0,0,0,0,0,0,0,0,1,0,1,0,0,0,1,0,0,0,1,0,0,1,0,0,0,0,0,1,0,0,1,0,0,1,0,0,0,53.03753688027879,-53.03753688027879,53.03753688027879,1
GCTCTTTCTCCCTGACTTTCAAACGGGCTTTTGT,0.0,GCTC,TTTC,TCCCTGACTTTCAAACGGGCTTT,TCCCTGAC,TTTCAAAC,GGGCTTT,TGT,1,0,0.47058823529411764,0.25,0.4782608695652174,0.625,0.25,0.5714285714285714,55.27391304347827,26.0,22.0,4.0,-10.45,-8.19,-9.200000000000001,-31.29,0,0,0,0,1,0,0,0,0,0,0,0,0,0,1,0,1,0,0,0,1,0,0,0,1,0,0,0,0,0,1,0,0,1,0,1,0,0,0,0,1,0,0,50.31606150677286,-50.31606150677286,50.31606150677286,1
ACGTTTTCTCCGCATTGGAAGAGCCCGCCGTCTG,99.14346895074948,ACGT,TTTC,TCCGCATTGGAAGAGCCCGCCGT,TCCGCATT,GGAAGAGC,CCGCCGT,CTG,1,1,0.5882352941176471,0.25,0.6521739130434783,0.5,0.625,0.8571428571428571,62.40434782608696,24.0,26.0,-2.0,-10.88,-10.24,-11.7,-36.11,0,0,0,0,1,0,0,0,0,0,0,0,0,0,1,0,1,0,0,0,1,0,0,0,0,1,0,0,1,0,0,1,0,0,0,0,0,0,1,0,0,0,1,46.8121565947119,52.33131235603758,52.33131235603758,1
CACCTTTCTCCGGGGCCACATCCAGCGCAGGCAT,100.0,CACC,TTTC,TCCGGGGCCACATCCAGCGCAGG,TCCGGGGC,CACATCCA,GCGCAGG,CAT,1,1,0.6470588235294118,0.25,0.7391304347826086,0.875,0.5,0.8571428571428571,65.9695652173913,30.0,26.0,4.0,-13.07,-9.81,-11.22,-37.22,0,0,1,0,1,0,0,0,0,0,0,0,0,0,1,0,1,0,0,0,1,0,0,0,0,1,0,0,0,1,0,0,0,1,0,0,0,1,0,0,1,0,0,33.21197365312667,66.78802634687332,66.78802634687332,1
CAATTTTCTCCTCGTCCATGGAATCTACAGTGAC,12.640283520378029,CAAT,TTTC,TCCTCGTCCATGGAATCTACAGT,TCCTCGTC,CATGGAAT,CTACAGT,GAC,1,0,0.4411764705882353,0.25,0.4782608695652174,0.625,0.375,0.42857142857142855,55.27391304347827,26.0,20.0,6.0,-10.63,-8.8,-7.47,-30.04,0,0,0,0,1,0,0,0,0,0,0,0,0,0,1,0,1,0,0,0,1,0,0,0,0,0,1,0,1,0,0,0,0,1,0,0,0,0,1,0,1,0,0,61.31770853113548,-48.67742501075745,48.67742501075745,1
CGAATTTCTCCTGGCCGGCTGTGTCCCATACATT,0.0,CGAA,TTTC,TCCTGGCCGGCTGTGTCCCATAC,TCCTGGCC,GGCTGTGT,CCCATAC,ATT,1,0,0.5294117647058824,0.25,0.6521739130434783,0.75,0.625,0.5714285714285714,62.40434782608696,28.0,22.0,6.0,-11.790000000000001,-11.14,-8.03,-34.43,0,0,0,0,1,0,0,0,0,0,0,0,0,0,1,0,1,0,0,0,1,0,0,0,0,0,1,0,0,1,0,0,0,1,0,0,1,0,0,0,1,0,0,64.09307900613246,-64.09307900613246,64.09307900613246,1
TGCTTTTCTCGCCCACCATCTGTCGTTGTGTCCT,12.775919732441473,TGCT,TTTC,TCGCCCACCATCTGTCGTTGTGT,TCGCCCAC,CATCTGTC,GTTGTGT,CCT,1,0,0.5294117647058824,0.25,0.5652173913043478,0.75,0.5,0.42857142857142855,58.83913043478262,28.0,20.0,8.0,-12.280000000000001,-9.1,-8.219999999999999,-33.61,0,0,0,0,1,0,0,0,0,0,0,0,0,0,1,0,1,0,0,0,0,1,0,0,1,0,0,0,1,0,0,0,1,0,0,1,0,0,0,0,1,0,0,61.97947828111142,-49.203558548669946,49.203558548669946,1
CAGCTTTCTCGTTGGACTTCGAGTCCTCCAATAC,0.0,CAGC,TTTC,TCGTTGGACTTCGAGTCCTCCAA,TCGTTGGA,CTTCGAGT,CCTCCAA,TAC,1,0,0.5,0.25,0.5217391304347826,0.5,0.5,0.5714285714285714,57.056521739130446,24.0,22.0,2.0,-10.5,-9.77,-8.71,-31.72,0,0,0,0,1,0,0,0,0,0,0,0,0,0,1,0,1,0,0,0,0,1,0,0,0,0,1,0,0,0,1,0,0,1,0,0,0,1,0,1,0,0,0,59.515804587030566,-59.515804587030566,59.515804587030566,1
TTCCTTTCTCTACACGAGCCCCTTCACTCAAAAG,19.53125,TTCC,TTTC,TCTACACGAGCCCCTTCACTCAA,TCTACACG,AGCCCCTT,CACTCAA,AAG,1,0,0.47058823529411764,0.25,0.5217391304347826,0.5,0.625,0.42857142857142855,57.056521739130446,24.0,20.0,4.0,-9.66,-11.32,-7.92,-31.5,0,0,0,0,1,0,0,0,0,0,0,0,0,0,1,0,1,0,0,0,0,0,1,1,0,0,0,0,1,0,0,1,0,0,0,0,1,0,0,0,0,1,0,72.64318783646435,-53.11193783646435,53.11193783646435,1
GGCATTTCTCTCATTAGCCCGGTTTTCAGATACT,73.62637362637363,GGCA,TTTC,TCTCATTAGCCCGGTTTTCAGAT,TCTCATTA,GCCCGGTT,TTCAGAT,ACT,1,1,0.4411764705882353,0.25,0.43478260869565216,0.25,0.75,0.2857142857142857,53.491304347826095,20.0,18.0,2.0,-7.79,-12.370000000000001,-7.21,-29.650000000000002,1,0,0,0,1,0,0,0,0,0,0,0,0,0,1,0,1,0,0,0,0,0,1,0,1,0,0,1,0,0,0,0,0,0,1,0,0,0,1,1,0,0,0,23.862713922839294,49.763659703534344,49.763659703534344,1
TAGATTTCTCTGCTGCTCGCAAACAATTTCAGCT,11.827956989247312,TAGA,TTTC,TCTGCTGCTCGCAAACAATTTCA,TCTGCTGC,TCGCAAAC,AATTTCA,GCT,1,0,0.4117647058823529,0.25,0.43478260869565216,0.625,0.5,0.14285714285714285,53.491304347826095,26.0,16.0,10.0,-11.24,-10.6,-6.63,-31.2,0,0,0,0,1,0,0,0,0,0,0,0,0,0,1,0,1,0,0,0,0,0,1,0,0,1,0,0,1,0,0,0,0,0,1,0,0,1,0,0,1,0,0,63.7770854475368,-51.949128458289486,51.949128458289486,1
TCTGTTTCTCTTCAGTCACTGCTCCCAAAATGCT,0.0,TCTG,TTTC,TCTTCAGTCACTGCTCCCAAAAT,TCTTCAGT,CACTGCTC,CCAAAAT,GCT,1,0,0.4411764705882353,0.25,0.43478260869565216,0.375,0.625,0.2857142857142857,53.491304347826095,22.0,18.0,4.0,-9.05,-10.44,-7.17,-29.8,0,0,0,0,1,0,0,0,0,0,0,0,0,0,1,0,1,0,0,0,0,0,1,0,0,0,1,0,1,0,0,1,0,0,0,0,0,1,0,0,0,0,1,68.3830219179177,-68.3830219179177,68.3830219179177,1
AAACTTTCTCTTGAGGATTGCTTCACATCCCATC,18.434343434343432,AAAC,TTTC,TCTTGAGGATTGCTTCACATCCC,TCTTGAGG,ATTGCTTC,ACATCCC,ATC,1,0,0.4117647058823529,0.25,0.4782608695652174,0.5,0.375,0.5714285714285714,55.27391304347827,24.0,22.0,2.0,-9.45,-9.15,-8.75,-30.1,0,0,0,0,1,0,0,0,0,0,0,0,0,0,1,0,1,0,0,0,0,0,1,0,0,0,1,0,0,1,0,1,0,0,0,0,0,1,0,0,0,1,0,69.953906343332,-51.51956290898856,51.51956290898856,1
GGCATTTCTCTTGCTCCCAGATGAGCGCATCTGA,0.0,GGCA,TTTC,TCTTGCTCCCAGATGAGCGCATC,TCTTGCTC,CCAGATGA,GCGCATC,TGA,1,0,0.5294117647058824,0.25,0.5652173913043478,0.5,0.5,0.7142857142857143,58.83913043478262,24.0,24.0,0.0,-9.85,-9.5,-10.280000000000001,-32.75,0,0,0,0,1,0,0,0,0,0,0,0,0,0,1,0,1,0,0,0,0,0,1,0,0,0,1,0,0,1,0,0,1,0,0,0,0,0,1,0,1,0,0,55.99236440430479,-55.99236440430479,55.99236440430479,1
CCCATTTCTCTTGGACATCCAGGTAGACGTCATA,11.645962732919257,CCCA,TTTC,TCTTGGACATCCAGGTAGACGTC,TCTTGGAC,ATCCAGGT,AGACGTC,ATA,1,0,0.47058823529411764,0.25,0.5217391304347826,0.5,0.5,0.5714285714285714,57.056521739130446,24.0,22.0,2.0,-9.61,-10.03,-8.93,-30.6,0,0,0,0,1,0,0,0,0,0,0,0,0,0,1,0,1,0,0,0,0,0,1,0,0,0,1,0,0,1,0,0,0,1,0,1,0,0,0,0,1,0,0,63.208621910635536,-51.56265917771628,51.56265917771628,1
TCGCTTTCTCTTTCGGGCCTGCATGAGGGTTTCT,0.0,TCGC,TTTC,TCTTTCGGGCCTGCATGAGGGTT,TCTTTCGG,GCCTGCAT,GAGGGTT,TCT,1,0,0.5294117647058824,0.25,0.5652173913043478,0.5,0.625,0.5714285714285714,58.83913043478262,24.0,22.0,2.0,-9.89,-11.38,-8.7,-33.26,0,0,0,0,1,0,0,0,0,0,0,0,0,0,1,0,1,0,0,0,0,0,1,0,0,0,1,0,0,0,1,0,1,0,0,0,0,1,0,0,0,1,0,50.31154793218642,-50.31154793218642,50.31154793218642,1
CTGATTTCTGACCTCTGGGCATGGAGGTCTGTCT,0.1351351351351351,CTGA,TTTC,TGACCTCTGGGCATGGAGGTCTG,TGACCTCT,GGGCATGG,AGGTCTG,TCT,1,0,0.5294117647058824,0.25,0.6086956521739131,0.5,0.75,0.5714285714285714,60.62173913043479,24.0,22.0,2.0,-9.89,-11.540000000000001,-8.59,-32.77,0,0,0,0,1,0,0,0,0,0,0,0,0,0,1,0,0,1,0,1,0,0,0,0,1,0,0,0,1,0,0,0,0,0,1,0,1,0,0,0,0,0,1,51.213049800837275,-51.07791466570214,51.07791466570214,1
GCAGTTTCTGACTGCTGAGCTGCTATTTTACACG,100.0,GCAG,TTTC,TGACTGCTGAGCTGCTATTTTAC,TGACTGCT,GAGCTGCT,ATTTTAC,ACG,1,1,0.47058823529411764,0.25,0.43478260869565216,0.5,0.625,0.14285714285714285,53.491304347826095,24.0,16.0,8.0,-10.44,-11.07,-5.9,-29.44,1,0,0,0,1,0,0,0,0,0,0,0,0,0,1,0,0,1,0,1,0,0,0,0,1,0,0,0,0,0,1,0,0,1,0,0,1,0,0,0,0,0,1,51.87098302096252,48.12901697903748,48.12901697903748,1
CCTGTTTCTGAGCCTCGAGCTCCTGCAAACTGCT,6.844106463878327,CCTG,TTTC,TGAGCCTCGAGCTCCTGCAAACT,TGAGCCTC,GAGCTCCT,GCAAACT,GCT,1,0,0.5588235294117647,0.25,0.5652173913043478,0.625,0.625,0.42857142857142855,58.83913043478262,26.0,20.0,6.0,-10.690000000000001,-10.52,-8.41,-33.24,0,0,0,0,1,0,0,0,0,0,0,0,0,0,1,0,0,1,0,1,0,0,0,0,0,1,0,0,1,0,0,0,1,0,0,0,0,0,1,0,1,0,0,57.92931902117195,-51.08521255729362,51.08521255729362,1
CCTCTTTCTGCAGGACAACATCGTCGCGGAGTTC,0.2923976608187134,CCTC,TTTC,TGCAGGACAACATCGTCGCGGAG,TGCAGGAC,AACATCGT,CGCGGAG,TTC,1,0,0.5588235294117647,0.25,0.6086956521739131,0.625,0.375,0.8571428571428571,60.62173913043479,26.0,26.0,0.0,-11.0,-9.68,-11.0,-34.43,0,0,0,0,1,0,0,0,0,0,0,0,0,0,1,0,0,1,0,0,1,0,0,1,0,0,0,0,0,1,0,0,0,1,0,1,0,0,0,0,1,0,0,53.31183482547464,-53.019437164655926,53.019437164655926,1
TCACTTTCTGCATGGAGCCCAGATCTACAAATGC,0.0,TCAC,TTTC,TGCATGGAGCCCAGATCTACAAA,TGCATGGA,GCCCAGAT,CTACAAA,TGC,1,0,0.47058823529411764,0.25,0.4782608695652174,0.5,0.625,0.2857142857142857,55.27391304347827,24.0,18.0,6.0,-10.61,-10.83,-6.75,-30.77,0,0,0,0,1,0,0,0,0,0,0,0,0,0,1,0,0,1,0,0,1,0,0,1,0,0,0,0,0,0,1,0,0,1,0,0,0,1,0,1,0,0,0,68.9211975591199,-68.9211975591199,68.9211975591199,1
CCCATTTCTGCCATTGTGGCCTCCTACACACTAG,0.0,CCCA,TTTC,TGCCATTGTGGCCTCCTACACAC,TGCCATTG,TGGCCTCC,TACACAC,TAG,1,0,0.5294117647058824,0.25,0.5652173913043478,0.5,0.75,0.42857142857142855,58.83913043478262,24.0,20.0,4.0,-10.31,-11.790000000000001,-7.8,-32.62,0,0,0,0,1,0,0,0,0,0,0,0,0,0,1,0,0,1,0,0,1,0,0,0,1,0,0,1,0,0,0,0,0,0,1,0,0,0,1,0,0,1,0,53.46701397507073,-53.46701397507073,53.46701397507073,1
ACAGTTTCTGCCCCTGTTCAGGGCTCAGAGATAT,9.283551967709384,ACAG,TTTC,TGCCCCTGTTCAGGGCTCAGAGA,TGCCCCTG,TTCAGGGC,TCAGAGA,TAT,1,0,0.5,0.25,0.6086956521739131,0.75,0.625,0.42857142857142855,60.62173913043479,28.0,20.0,8.0,-11.940000000000001,-10.950000000000001,-7.91,-33.52,0,0,0,0,1,0,0,0,0,0,0,0,0,0,1,0,0,1,0,0,1,0,0,0,1,0,0,0,1,0,0,0,1,0,0,0,0,0,1,0,0,1,0,59.059144707115905,-49.77559273940652,49.77559273940652,1
CCGCTTTCTGCCGGGGCCACCACCACCCCCATTG,76.878612716763,CCGC,TTTC,TGCCGGGGCCACCACCACCCCCA,TGCCGGGG,CCACCACC,ACCCCCA,TTG,1,1,0.7058823529411765,0.25,0.782608695652174,0.875,0.75,0.7142857142857143,67.75217391304349,30.0,24.0,6.0,-13.22,-11.3,-10.25,-38.46,0,0,1,0,1,0,0,0,0,0,0,0,0,0,1,0,0,1,0,0,1,0,0,0,1,0,0,0,0,1,0,0,0,1,0,0,0,1,0,0,0,1,0,26.704538865754046,50.174073851008956,50.174073851008956,1
TGGTTTTCTGCCTGGGTATACTCATTGCTGAATA,100.0,TGGT,TTTC,TGCCTGGGTATACTCATTGCTGA,TGCCTGGG,TATACTCA,TTGCTGA,ATA,1,1,0.4117647058823529,0.25,0.4782608695652174,0.75,0.25,0.42857142857142855,55.27391304347827,28.0,20.0,8.0,-11.940000000000001,-7.51,-8.72,-30.490000000000002,0,0,0,0,1,0,0,0,0,0,0,0,0,0,1,0,0,1,0,0,1,0,0,0,1,0,0,0,0,0,1,0,0,1,0,0,0,1,0,0,0,1,0,49.857892431091535,50.142107568908465,50.142107568908465,1
GGAGTTTCTGCGGCTGCACCCCGACGTCCGCGCG,64.71854813903416,GGAG,TTTC,TGCGGCTGCACCCCGACGTCCGC,TGCGGCTG,CACCCCGA,CGTCCGC,GCG,1,1,0.7352941176470589,0.25,0.782608695652174,0.75,0.75,0.8571428571428571,67.75217391304349,28.0,26.0,2.0,-12.67,-11.88,-11.16,-39.39,0,0,0,0,1,0,0,0,0,0,0,0,0,0,1,0,0,1,0,0,1,0,0,0,0,1,0,0,0,1,0,0,1,0,0,0,0,0,1,0,0,1,0,16.873855844976326,47.84469229405783,47.84469229405783,1
TTCTTTTCTGCGTTAGAAGACATCTTTTCATGTC,79.04040404040404,TTCT,TTTC,TGCGTTAGAAGACATCTTTTCAT,TGCGTTAG,AAGACATC,TTTTCAT,GTC,1,1,0.35294117647058826,0.25,0.34782608695652173,0.5,0.375,0.14285714285714285,49.92608695652175,24.0,16.0,8.0,-10.16,-8.65,-6.63,-28.02,1,0,0,0,1,0,0,0,0,0,0,0,0,0,1,0,0,1,0,0,1,0,0,0,0,1,0,0,0,0,1,0,0,0,1,1,0,0,0,0,0,1,0,20.285850645601126,58.75455339480291,58.75455339480291,1
GCAGTTTCTGCTGGAGCTGCTGGCTGACCGCGCG,92.13517665130568,GCAG,TTTC,TGCTGGAGCTGCTGGCTGACCGC,TGCTGGAG,CTGCTGGC,TGACCGC,GCG,1,1,0.6764705882352942,0.25,0.6956521739130435,0.625,0.75,0.7142857142857143,64.18695652173913,26.0,24.0,2.0,-10.84,-11.780000000000001,-10.44,-36.58,0,0,0,0,1,0,0,0,0,0,0,0,0,0,1,0,0,1,0,0,1,0,0,0,0,0,1,0,0,1,0,0,0,1,0,1,0,0,0,0,0,1,0,39.705081936969805,52.43009471433588,52.43009471433588,1
TGCGTTTCTGCTGTAAGTGGTTCCCCACGGTTGT,1.7656500802568218,TGCG,TTTC,TGCTGTAAGTGGTTCCCCACGGT,TGCTGTAA,GTGGTTCC,CCACGGT,TGT,1,0,0.5294117647058824,0.25,0.5652173913043478,0.375,0.625,0.7142857142857143,58.83913043478262,22.0,24.0,-2.0,-9.44,-10.31,-10.18,-33.05,0,0,0,0,1,0,0,0,0,0,0,0,0,0,1,0,0,1,0,0,1,0,0,0,0,0,1,0,0,1,0,0,0,0,1,1,0,0,0,1,0,0,0,52.51986165755412,-50.7542115772973,50.7542115772973,1
GATATTTCTGGCTGTCGCCAACTCCATGGCTTTC,0.3731343283582089,GATA,TTTC,TGGCTGTCGCCAACTCCATGGCT,TGGCTGTC,GCCAACTC,CATGGCT,TTC,1,0,0.5,0.25,0.6086956521739131,0.625,0.625,0.5714285714285714,60.62173913043479,26.0,22.0,4.0,-11.0,-10.55,-9.14,-34.7,0,0,0,0,1,0,0,0,0,0,0,0,0,0,1,0,0,1,0,0,0,1,0,0,1,0,0,0,0,0,1,0,0,1,0,0,0,0,1,0,1,0,0,50.67899330240857,-50.30585897405036,50.30585897405036,1
TCCCTTTCTGGGACTCTTTGGAGCCCTTTCTCCC,5.1767676767676765,TCCC,TTTC,TGGGACTCTTTGGAGCCCTTTCT,TGGGACTC,TTTGGAGC,CCTTTCT,CCC,1,0,0.5588235294117647,0.25,0.5217391304347826,0.625,0.5,0.42857142857142855,57.056521739130446,26.0,20.0,6.0,-10.45,-10.11,-7.7,-31.380000000000003,0,0,0,0,1,0,0,0,0,0,0,0,0,0,1,0,0,1,0,0,0,1,0,0,0,1,0,1,0,0,0,0,1,0,0,0,0,0,1,0,1,0,0,60.29774543721746,-55.12097776044978,55.12097776044978,1
TGGATTTCTGGGTCTGTTCCAGTCGATTCAAGAT,0.4291845493562232,TGGA,TTTC,TGGGTCTGTTCCAGTCGATTCAA,TGGGTCTG,TTCCAGTC,GATTCAA,GAT,1,0,0.4411764705882353,0.25,0.4782608695652174,0.625,0.5,0.2857142857142857,55.27391304347827,26.0,18.0,8.0,-10.6,-9.61,-6.93,-30.75,0,0,0,0,1,0,0,0,0,0,0,0,0,0,1,0,0,1,0,0,0,1,0,0,0,1,0,0,0,0,1,0,1,0,0,0,0,0,1,0,0,1,0,62.956282410318316,-62.527097860962094,62.527097860962094,1
TCCTTTTCTGGTCAAGTTTCTTCTTCATCACTCA,6.1946902654867255,TCCT,TTTC,TGGTCAAGTTTCTTCTTCATCAC,TGGTCAAG,TTTCTTCT,TCATCAC,TCA,1,0,0.38235294117647056,0.25,0.391304347826087,0.5,0.25,0.42857142857142855,51.70869565217392,24.0,20.0,4.0,-9.76,-8.16,-7.82,-28.18,0,0,0,0,1,0,0,0,0,0,0,0,0,0,1,0,0,1,0,0,0,1,0,0,0,0,1,0,1,0,0,1,0,0,0,1,0,0,0,0,0,1,0,66.76565219894998,-60.57096193346325,60.57096193346325,1
TGCCTTTCTGGTCACACTGGGCAGCAGGCGACTG,0.2915451895043732,TGCC,TTTC,TGGTCACACTGGGCAGCAGGCGA,TGGTCACA,CTGGGCAG,CAGGCGA,CTG,1,0,0.6176470588235294,0.25,0.6521739130434783,0.5,0.75,0.7142857142857143,62.40434782608696,24.0,24.0,0.0,-10.37,-11.38,-10.280000000000001,-35.71,0,0,0,0,1,0,0,0,0,0,0,0,0,0,1,0,0,1,0,0,0,1,0,0,0,0,1,0,1,0,0,1,0,0,0,0,1,0,0,1,0,0,0,57.33644541609656,-57.04490022659218,57.04490022659218,1
CCAGTTTCTGGTGACCCTTTTTCAGGTCTTCTTC,75.30335474660956,CCAG,TTTC,TGGTGACCCTTTTTCAGGTCTTC,TGGTGACC,CTTTTTCA,GGTCTTC,TTC,1,1,0.47058823529411764,0.25,0.4782608695652174,0.625,0.25,0.5714285714285714,55.27391304347827,26.0,22.0,4.0,-10.76,-8.03,-8.16,-30.07,1,1,0,0,1,0,0,0,0,0,0,0,0,0,1,0,0,1,0,0,0,1,0,0,0,0,1,0,0,1,0,1,0,0,0,0,1,0,0,0,1,0,0,27.6618286732443,47.641526073365256,47.641526073365256,1
TGGTTTTCTGGTGCTGCTGGGGCTTCTCCTCCGT,89.54869358669833,TGGT,TTTC,TGGTGCTGCTGGGGCTTCTCCTC,TGGTGCTG,CTGGGGCT,TCTCCTC,CGT,1,1,0.5882352941176471,0.25,0.6521739130434783,0.625,0.75,0.5714285714285714,62.40434782608696,26.0,22.0,4.0,-11.15,-11.77,-8.3,-34.46,0,0,1,0,1,0,0,0,0,0,0,0,0,0,1,0,0,1,0,0,0,1,0,0,0,0,1,0,0,1,0,0,1,0,0,0,0,0,1,0,0,1,0,41.640782431907404,47.90791115479093,47.90791115479093,1
TTTCTTTCTGTACACCTGGACTACCTTGCCAATT,18.564742589703588,TTTC,TTTC,TGTACACCTGGACTACCTTGCCA,TGTACACC,TGGACTAC,CTTGCCA,ATT,1,0,0.4117647058823529,0.25,0.5217391304347826,0.5,0.5,0.5714285714285714,57.056521739130446,24.0,22.0,2.0,-9.64,-9.33,-9.26,-31.35,0,0,0,0,1,0,0,0,0,0,0,0,0,0,1,0,0,1,0,0,0,0,1,1,0,0,0,0,1,0,0,1,0,0,0,0,1,0,0,0,1,0,0,71.53951539808752,-52.97477280838393,52.97477280838393,1
AGATTTTCTGTACCTTTGTGTCAATGTTTTTTAT,74.31192660550458,AGAT,TTTC,TGTACCTTTGTGTCAATGTTTTT,TGTACCTT,TGTGTCAA,TGTTTTT,TAT,1,1,0.2647058823529412,0.25,0.30434782608695654,0.375,0.375,0.14285714285714285,48.14347826086957,22.0,16.0,6.0,-9.03,-9.53,-6.89,-27.33,1,1,0,0,1,0,0,0,0,0,0,0,0,0,1,0,0,1,0,0,0,0,1,1,0,0,0,0,1,0,0,0,1,0,0,0,0,0,1,0,0,0,1,11.325186978017951,62.98673962748663,62.98673962748663,1
CACATTTCTGTAGCGGTTCTTGGCGTTGTTCTCT,0.3395585738539898,CACA,TTTC,TGTAGCGGTTCTTGGCGTTGTTC,TGTAGCGG,TTCTTGGC,GTTGTTC,TCT,1,0,0.47058823529411764,0.25,0.5217391304347826,0.625,0.5,0.42857142857142855,57.056521739130446,26.0,20.0,6.0,-11.0,-10.11,-7.63,-32.35,0,0,0,0,1,0,0,0,0,0,0,0,0,0,1,0,0,1,0,0,0,0,1,1,0,0,0,0,0,1,0,0,1,0,0,0,0,1,0,0,0,1,0,65.63911239803285,-65.29955382417886,65.29955382417886,1
TACCTTTCTGTCAGGTAGCTGATGAAGTCCGGAT,0.0,TACC,TTTC,TGTCAGGTAGCTGATGAAGTCCG,TGTCAGGT,AGCTGATG,AAGTCCG,GAT,1,0,0.47058823529411764,0.25,0.5217391304347826,0.5,0.5,0.5714285714285714,57.056521739130446,24.0,22.0,2.0,-10.2,-9.88,-9.03,-30.990000000000002,0,0,0,0,1,0,0,0,0,0,0,0,0,0,1,0,0,1,0,0,0,0,1,0,1,0,0,1,0,0,0,0,0,1,0,0,0,1,0,0,0,0,1,58.99819970238517,-58.99819970238517,58.99819970238517,1
AGCATTTCTGTCATCATTTGTTATGAATTCAGGA,0.0,AGCA,TTTC,TGTCATCATTTGTTATGAATTCA,TGTCATCA,TTTGTTAT,GAATTCA,GGA,1,0,0.3235294117647059,0.25,0.2608695652173913,0.375,0.125,0.2857142857142857,46.3608695652174,22.0,18.0,4.0,-9.27,-7.35,-6.93,-25.88,0,0,0,0,1,0,0,0,0,0,0,0,0,0,1,0,0,1,0,0,0,0,1,0,1,0,0,1,0,0,0,0,0,0,1,0,1,0,0,1,0,0,0,55.09566349183815,-55.09566349183815,55.09566349183815,1
GGCCTTTCTGTCCAGTCCTGGCGATGGGGTGGGC,100.0,GGCC,TTTC,TGTCCAGTCCTGGCGATGGGGTG,TGTCCAGT,CCTGGCGA,TGGGGTG,GGC,1,1,0.6764705882352942,0.25,0.6521739130434783,0.5,0.75,0.7142857142857143,62.40434782608696,24.0,24.0,0.0,-10.2,-12.120000000000001,-9.86,-34.36,0,0,1,0,1,0,0,0,0,0,0,0,0,0,1,0,0,1,0,0,0,0,1,0,1,0,0,0,1,0,0,1,0,0,0,0,0,1,0,0,0,0,1,50.561811784810224,49.438188215189776,49.438188215189776,1
GTCCTTTCTGTCTATCCACCTGGGGTGGAACAGC,5.823293172690764,GTCC,TTTC,TGTCTATCCACCTGGGGTGGAAC,TGTCTATC,CACCTGGG,GTGGAAC,AGC,1,0,0.5588235294117647,0.25,0.5652173913043478,0.375,0.75,0.5714285714285714,58.83913043478262,22.0,22.0,0.0,-8.23,-11.14,-8.47,-31.52,0,0,1,0,1,0,0,0,0,0,0,0,0,0,1,0,0,1,0,0,0,0,1,0,1,0,0,0,0,0,1,1,0,0,0,0,0,0,1,0,1,0,0,53.54658242768825,-47.72328925499748,47.72328925499748,1
CGACTTTCTGTCTGAAGGGTGTGTGTCACCTCAT,0.352112676056338,CGAC,TTTC,TGTCTGAAGGGTGTGTGTCACCT,TGTCTGAA,GGGTGTGT,GTCACCT,CAT,1,0,0.5,0.25,0.5217391304347826,0.375,0.625,0.5714285714285714,57.056521739130446,22.0,22.0,0.0,-9.22,-10.9,-8.75,-31.6,0,0,0,0,1,0,0,0,0,0,0,0,0,0,1,0,0,1,0,0,0,0,1,0,1,0,0,0,0,0,1,0,0,1,0,1,0,0,0,1,0,0,0,61.39235422281569,-61.040241546759354,61.040241546759354,1
GGACTTTCTGTGCCTCGAGGGCAAGGAGTTCAAC,2.0891364902506964,GGAC,TTTC,TGTGCCTCGAGGGCAAGGAGTTC,TGTGCCTC,GAGGGCAA,GGAGTTC,AAC,1,0,0.5588235294117647,0.25,0.6086956521739131,0.625,0.625,0.5714285714285714,60.62173913043479,26.0,22.0,4.0,-11.0,-10.950000000000001,-8.16,-33.56,0,0,0,0,1,0,0,0,0,0,0,0,0,0,1,0,0,1,0,0,0,0,1,0,0,1,0,0,1,0,0,0,1,0,0,0,0,0,1,0,1,0,0,62.795992893858745,-60.70685640360805,60.70685640360805,1
TTCCTTTCTGTGCTCAACCCTCATGGAGCCCATG,0.4347826086956521,TTCC,TTTC,TGTGCTCAACCCTCATGGAGCCC,TGTGCTCA,ACCCTCAT,GGAGCCC,ATG,1,0,0.5294117647058824,0.25,0.6086956521739131,0.5,0.5,0.8571428571428571,60.62173913043479,24.0,26.0,-2.0,-10.61,-10.03,-10.34,-33.43,0,0,0,0,1,0,0,0,0,0,0,0,0,0,1,0,0,1,0,0,0,0,1,0,0,1,0,0,1,0,0,0,0,0,1,0,1,0,0,1,0,0,0,51.91497584881155,-51.4801932401159,51.4801932401159,1
TCTCTTTCTGTGGATGTTTTGGCCCAGCTTTAAC,0.0,TCTC,TTTC,TGTGGATGTTTTGGCCCAGCTTT,TGTGGATG,TTTTGGCC,CAGCTTT,AAC,1,0,0.4411764705882353,0.25,0.4782608695652174,0.5,0.5,0.42857142857142855,55.27391304347827,24.0,20.0,4.0,-9.81,-10.370000000000001,-8.25,-31.71,1,0,0,0,1,0,0,0,0,0,0,0,0,0,1,0,0,1,0,0,0,0,1,0,0,1,0,0,0,1,0,1,0,0,0,0,0,0,1,0,0,1,0,52.28378710805971,-52.28378710805971,52.28378710805971,1
CTCGTTTCTGTTATTGATGATAAACCATTTCAGA,92.02657807308972,CTCG,TTTC,TGTTATTGATGATAAACCATTTC,TGTTATTG,ATGATAAA,CCATTTC,AGA,1,1,0.3235294117647059,0.25,0.2608695652173913,0.25,0.125,0.42857142857142855,46.3608695652174,20.0,20.0,0.0,-7.8,-7.09,-7.47,-25.1,0,0,0,0,1,0,0,0,0,0,0,0,0,0,1,0,0,1,0,0,0,0,1,0,0,0,1,1,0,0,0,0,0,0,1,0,0,0,1,0,0,1,0,29.17103477383807,62.85554329925165,62.85554329925165,1
GGGATTTCTTAGCATCTTCCCCGTAGAACTCCTG,100.0,GGGA,TTTC,TTAGCATCTTCCCCGTAGAACTC,TTAGCATC,TTCCCCGT,AGAACTC,CTG,1,1,0.5,0.25,0.4782608695652174,0.375,0.625,0.42857142857142855,55.27391304347827,22.0,20.0,2.0,-8.73,-11.43,-7.6,-29.62,0,0,0,0,1,0,0,1,0,0,0,0,0,0,1,0,0,0,1,1,0,0,0,0,0,1,0,0,1,0,0,1,0,0,0,0,0,0,1,0,1,0,0,48.98866605733717,51.01133394266283,51.01133394266283,1
TTCTTTTCTTCAAGGATATGCTGCTCACCTTACA,100.0,TTCT,TTTC,TTCAAGGATATGCTGCTCACCTT,TTCAAGGA,TATGCTGC,TCACCTT,ACA,1,1,0.38235294117647056,0.25,0.43478260869565216,0.375,0.5,0.42857142857142855,53.491304347826095,22.0,20.0,2.0,-9.17,-10.120000000000001,-8.31,-29.76,0,0,0,0,1,0,0,1,0,0,0,0,0,0,1,0,0,0,1,0,1,0,0,1,0,0,0,1,0,0,0,0,0,1,0,0,0,1,0,1,0,0,0,42.70982830320482,57.29017169679518,57.29017169679518,1
TTCTTTTCTTCATCATCACTATCTGAACTGCTCT,92.60204081632652,TTCT,TTTC,TTCATCATCACTATCTGAACTGC,TTCATCAT,CACTATCT,GAACTGC,TCT,1,1,0.35294117647058826,0.25,0.391304347826087,0.25,0.375,0.5714285714285714,51.70869565217392,20.0,22.0,-2.0,-8.26,-8.21,-8.71,-27.93,0,0,0,0,1,0,0,1,0,0,0,0,0,0,1,0,0,0,1,0,1,0,0,1,0,0,0,0,0,0,1,0,1,0,0,1,0,0,0,0,0,0,1,28.043094392281752,64.55894642404476,64.55894642404476,1
GTTGTTTCTTCCAAGTCACTCACATCTGAGATGG,95.76427255985269,GTTG,TTTC,TTCCAAGTCACTCACATCTGAGA,TTCCAAGT,CACTCACA,TCTGAGA,TGG,1,1,0.4411764705882353,0.25,0.43478260869565216,0.375,0.5,0.42857142857142855,53.491304347826095,22.0,20.0,2.0,-9.31,-9.81,-7.91,-29.21,0,0,0,0,1,0,0,1,0,0,0,0,0,0,1,0,0,0,1,0,1,0,0,0,1,0,0,1,0,0,0,1,0,0,0,0,0,1,0,0,0,0,1,48.044441600502154,47.71983095935053,47.71983095935053,1
ACGATTTCTTCCCGGGTTCCGATCGCTTTGCCCG,96.4968152866242,ACGA,TTTC,TTCCCGGGTTCCGATCGCTTTGC,TTCCCGGG,TTCCGATC,GCTTTGC,CCG,1,1,0.5882352941176471,0.25,0.6086956521739131,0.75,0.5,0.5714285714285714,60.62173913043479,28.0,22.0,6.0,-11.83,-9.790000000000001,-9.21,-34.44,0,0,0,0,1,0,0,1,0,0,0,0,0,0,1,0,0,0,1,0,1,0,0,0,1,0,0,0,1,0,0,0,0,1,0,0,0,1,0,0,0,1,0,45.619680888625126,50.87713439799907,50.87713439799907,1
GAGGTTTCTTCCGTTGTACTCCCTCTCCTGCCTG,92.84164859002168,GAGG,TTTC,TTCCGTTGTACTCCCTCTCCTGC,TTCCGTTG,TACTCCCT,CTCCTGC,CTG,1,1,0.5588235294117647,0.25,0.5652173913043478,0.5,0.5,0.7142857142857143,58.83913043478262,24.0,24.0,0.0,-10.2,-9.56,-9.39,-31.89,0,0,0,0,1,0,0,1,0,0,0,0,0,0,1,0,0,0,1,0,1,0,0,0,1,0,0,0,0,1,0,0,0,0,1,0,0,0,1,0,0,1,0,40.612759416087734,52.22888917393394,52.22888917393394,1
GGCCTTTCTTCCTTGGGCTCGGGCCCCGGACACC,86.36363636363636,GGCC,TTTC,TTCCTTGGGCTCGGGCCCCGGAC,TTCCTTGG,GCTCGGGC,CCCGGAC,ACC,1,1,0.7058823529411765,0.25,0.7391304347826086,0.5,0.875,0.8571428571428571,65.9695652173913,24.0,26.0,-2.0,-9.71,-12.91,-10.43,-36.730000000000004,0,0,0,0,1,0,0,1,0,0,0,0,0,0,1,0,0,0,1,0,1,0,0,0,1,0,0,0,0,0,1,0,0,0,1,0,0,1,0,0,0,1,0,20.475744092409446,65.88789227122692,65.88789227122692,1
GCTTTTTCTTCGATCATCCACTTGATGGACTCGA,0.1036269430051813,GCTT,TTTC,TTCGATCATCCACTTGATGGACT,TTCGATCA,TCCACTTG,ATGGACT,CGA,1,0,0.4411764705882353,0.25,0.43478260869565216,0.375,0.5,0.42857142857142855,53.491304347826095,22.0,20.0,2.0,-9.4,-9.76,-8.19,-29.53,0,0,0,0,1,0,0,1,0,0,0,0,0,0,1,0,0,0,1,0,1,0,0,0,0,1,0,1,0,0,0,0,0,0,1,0,1,0,0,1,0,0,0,49.15709211586441,-49.05346517285923,49.05346517285923,1
TTCTTTTCTTCGCTGAGTCTGCTTTATGCTCTAA,0.1739130434782608,TTCT,TTTC,TTCGCTGAGTCTGCTTTATGCTC,TTCGCTGA,GTCTGCTT,TATGCTC,TAA,1,0,0.38235294117647056,0.25,0.4782608695652174,0.5,0.5,0.42857142857142855,55.27391304347827,24.0,20.0,4.0,-10.74,-9.99,-7.73,-30.740000000000002,0,0,0,0,1,0,0,1,0,0,0,0,0,0,1,0,0,0,1,0,1,0,0,0,0,1,0,0,1,0,0,0,0,0,1,0,0,1,0,1,0,0,0,49.63815370978016,-49.464240666301905,49.464240666301905,1
TCAATTTCTTCTCTTTCAGACCACAAGATACCCA,76.85185185185185,TCAA,TTTC,TTCTCTTTCAGACCACAAGATAC,TTCTCTTT,CAGACCAC,AAGATAC,CCA,1,1,0.38235294117647056,0.25,0.391304347826087,0.25,0.625,0.2857142857142857,51.70869565217392,20.0,18.0,2.0,-8.16,-10.2,-6.48,-27.59,0,0,0,0,1,0,0,1,0,0,0,0,0,0,1,0,0,0,1,0,1,0,0,0,0,0,1,0,1,0,0,0,0,0,1,0,0,0,1,0,0,0,1,27.361813614022516,49.49003823782933,49.49003823782933,1
AGAATTTCTTGAACTGGGAGGTGGAGGCTGCAGT,100.0,AGAA,TTTC,TTGAACTGGGAGGTGGAGGCTGC,TTGAACTG,GGAGGTGG,AGGCTGC,AGT,1,1,0.5,0.25,0.6086956521739131,0.375,0.75,0.7142857142857143,60.62173913043479,22.0,24.0,-2.0,-8.92,-10.99,-10.33,-33.38,0,0,0,0,1,0,0,1,0,0,0,0,0,0,1,0,0,0,1,0,0,1,0,1,0,0,0,1,0,0,0,0,1,0,0,0,0,0,1,0,0,1,0,39.191816350258236,60.808183649741764,60.808183649741764,1
TGGGTTTCTTGCCCAGGTCATAGCTGCCTTCATC,100.0,TGGG,TTTC,TTGCCCAGGTCATAGCTGCCTTC,TTGCCCAG,GTCATAGC,TGCCTTC,ATC,1,1,0.5294117647058824,0.25,0.5652173913043478,0.625,0.5,0.5714285714285714,58.83913043478262,26.0,22.0,4.0,-11.1,-9.17,-9.11,-32.5,0,0,0,0,1,0,0,1,0,0,0,0,0,0,1,0,0,0,1,0,0,1,0,0,1,0,0,0,1,0,0,0,1,0,0,1,0,0,0,0,0,1,0,45.57667969507817,54.42332030492183,54.42332030492183,1
CTGGTTTCTTGGCATAATCCCGGGCCAGGAGTCT,0.0,CTGG,TTTC,TTGGCATAATCCCGGGCCAGGAG,TTGGCATA,ATCCCGGG,CCAGGAG,TCT,1,0,0.5588235294117647,0.25,0.6086956521739131,0.375,0.75,0.7142857142857143,60.62173913043479,22.0,24.0,-2.0,-9.44,-11.71,-8.99,-33.38,0,0,0,0,1,0,0,1,0,0,0,0,0,0,1,0,0,0,1,0,0,1,0,0,0,1,0,0,1,0,0,1,0,0,0,0,0,0,1,1,0,0,0,53.237849597642054,-53.237849597642054,53.237849597642054,1
TCACTTTCTTGGCTCCCCAACAGCTGCACCTTAC,100.0,TCAC,TTTC,TTGGCTCCCCAACAGCTGCACCT,TTGGCTCC,CCAACAGC,TGCACCT,TAC,1,1,0.5294117647058824,0.25,0.6086956521739131,0.625,0.625,0.5714285714285714,60.62173913043479,26.0,22.0,4.0,-10.950000000000001,-10.7,-9.7,-34.47,0,0,0,0,1,0,0,1,0,0,0,0,0,0,1,0,0,0,1,0,0,1,0,0,0,1,0,0,1,0,0,0,0,0,1,0,1,0,0,0,1,0,0,46.66412740937508,53.33587259062492,53.33587259062492,1
CTCTTTTCTTGTCCAGAGGCCCTCTTCTCTCCGT,93.91304347826087,CTCT,TTTC,TTGTCCAGAGGCCCTCTTCTCTC,TTGTCCAG,AGGCCCTC,TTCTCTC,CGT,1,1,0.5294117647058824,0.25,0.5652173913043478,0.5,0.75,0.42857142857142855,58.83913043478262,24.0,20.0,4.0,-9.76,-11.620000000000001,-7.46,-31.42,0,0,0,0,1,0,0,1,0,0,0,0,0,0,1,0,0,0,1,0,0,1,0,0,0,0,1,0,1,0,0,0,1,0,0,1,0,0,0,0,0,1,0,43.258993908027236,50.65404957023364,50.65404957023364,1
CGATTTTCTTTATGATCGCCTGCAGTCTTTTTTG,59.654178674351584,CGAT,TTTC,TTTATGATCGCCTGCAGTCTTTT,TTTATGAT,CGCCTGCA,GTCTTTT,TTG,1,1,0.38235294117647056,0.25,0.391304347826087,0.125,0.75,0.2857142857142857,51.70869565217392,18.0,18.0,0.0,-7.09,-12.67,-7.02,-29.36,1,0,0,0,1,0,0,1,0,0,0,0,0,0,1,0,0,0,1,0,0,0,1,1,0,0,0,0,0,0,1,0,0,1,0,1,0,0,0,0,0,0,1,9.906573098555299,49.747605575796285,49.747605575796285,1
GTGCTTTCTTTCCAAATGCTGGAGTCTGAACATC,93.66666666666669,GTGC,TTTC,TTTCCAAATGCTGGAGTCTGAAC,TTTCCAAA,TGCTGGAG,TCTGAAC,ATC,1,1,0.4411764705882353,0.25,0.43478260869565216,0.25,0.625,0.42857142857142855,53.491304347826095,20.0,20.0,0.0,-8.59,-10.84,-7.77,-29.52,0,0,0,0,1,0,0,1,0,0,0,0,0,0,1,0,0,0,1,0,0,0,1,0,1,0,0,0,1,0,0,1,0,0,0,1,0,0,0,1,0,0,0,41.459169784048456,52.20749688261823,52.20749688261823,1
GTGGTTTCTTTCGGACTGGACGACATCGGCTGTG,89.62536023054754,GTGG,TTTC,TTTCGGACTGGACGACATCGGCT,TTTCGGAC,TGGACGAC,ATCGGCT,GTG,1,1,0.5588235294117647,0.25,0.5652173913043478,0.5,0.625,0.5714285714285714,58.83913043478262,24.0,22.0,2.0,-10.05,-10.94,-9.71,-33.43,0,0,0,0,1,0,0,1,0,0,0,0,0,0,1,0,0,0,1,0,0,0,1,0,1,0,0,0,0,1,0,0,0,1,0,1,0,0,0,0,1,0,0,40.54900902925819,49.076351201289356,49.076351201289356,1
AGGTTTTCTTTCTGAGTCTGGTTAATAACTGTGA,89.29242329367564,AGGT,TTTC,TTTCTGAGTCTGGTTAATAACTG,TTTCTGAG,TCTGGTTA,ATAACTG,TGA,1,1,0.35294117647058826,0.25,0.34782608695652173,0.375,0.375,0.2857142857142857,49.92608695652175,22.0,18.0,4.0,-8.61,-8.89,-6.63,-26.57,0,0,0,0,1,0,0,1,0,0,0,0,0,0,1,0,0,0,1,0,0,0,1,0,1,0,0,0,0,0,1,0,0,1,0,1,0,0,0,0,0,1,0,33.83865474530544,55.4537685483702,55.4537685483702,1
TGAGTTTGAAACCCTCTACAATGAGCACAAGGTA,100.0,TGAG,TTTG,AAACCCTCTACAATGAGCACAAG,AAACCCTC,TACAATGA,GCACAAG,GTA,1,1,0.4117647058823529,0.25,0.43478260869565216,0.5,0.25,0.5714285714285714,53.491304347826095,24.0,22.0,2.0,-9.7,-8.1,-8.86,-29.22,0,0,0,0,0,1,0,0,0,0,0,1,0,0,0,1,0,0,0,1,0,0,0,0,1,0,0,0,1,0,0,0,1,0,0,0,0,0,1,0,1,0,0,44.85326980017484,55.14673019982516,55.14673019982516,1
ATCCTTTGAAACTGATGTGGTTTGGGCTGTAAAT,0.0,ATCC,TTTG,AAACTGATGTGGTTTGGGCTGTA,AAACTGAT,GTGGTTTG,GGCTGTA,AAT,1,0,0.38235294117647056,0.25,0.43478260869565216,0.25,0.5,0.5714285714285714,53.491304347826095,20.0,22.0,-2.0,-8.35,-9.62,-8.83,-30.09,0,0,0,0,0,1,0,0,0,0,0,1,0,0,0,1,0,0,0,1,0,0,0,0,1,0,0,0,0,0,1,0,0,1,0,1,0,0,0,0,0,0,1,51.71388836003783,-51.71388836003783,51.71388836003783,1
TGGGTTTGAACAGCGCTTGCCCGTAATTCTGGAA,6.746031746031746,TGGG,TTTG,AACAGCGCTTGCCCGTAATTCTG,AACAGCGC,TTGCCCGT,AATTCTG,GAA,1,0,0.5,0.25,0.5217391304347826,0.625,0.625,0.2857142857142857,57.056521739130446,26.0,18.0,8.0,-11.82,-11.98,-6.91,-32.57,0,0,0,0,0,1,0,0,0,0,0,1,0,0,0,1,0,0,0,0,1,0,0,1,0,0,0,0,0,1,0,0,1,0,0,0,0,1,0,0,1,0,0,62.32997732314434,-55.583945577112594,55.583945577112594,1
TGAGTTTGAACTCTTGGCATCTGGTGGTGGCCAG,99.50248756218906,TGAG,TTTG,AACTCTTGGCATCTGGTGGTGGC,AACTCTTG,GCATCTGG,TGGTGGC,CAG,1,1,0.5294117647058824,0.25,0.5652173913043478,0.375,0.625,0.7142857142857143,58.83913043478262,22.0,24.0,-2.0,-8.75,-10.44,-10.26,-32.730000000000004,0,0,0,0,0,1,0,0,0,0,0,1,0,0,0,1,0,0,0,0,1,0,0,0,0,0,1,0,1,0,0,0,0,0,1,0,0,0,1,0,0,1,0,35.66030212692345,63.84218543526561,63.84218543526561,1
CGTCTTTGAAGAGGCGTGCTTGGTCCTCACAACC,100.0,CGTC,TTTG,AAGAGGCGTGCTTGGTCCTCACA,AAGAGGCG,TGCTTGGT,CCTCACA,ACC,1,1,0.5588235294117647,0.25,0.5652173913043478,0.625,0.5,0.5714285714285714,58.83913043478262,26.0,22.0,4.0,-11.11,-10.7,-8.76,-33.31,0,0,0,0,0,1,0,0,0,0,0,1,0,0,0,1,0,0,0,0,0,1,0,1,0,0,0,0,0,1,0,0,0,1,0,0,1,0,0,0,0,1,0,52.12669666300263,47.87330333699737,47.87330333699737,1
CGACTTTGAAGCTAAGCAAGCATACTCGTCCCTC,100.0,CGAC,TTTG,AAGCTAAGCAAGCATACTCGTCC,AAGCTAAG,CAAGCATA,CTCGTCC,CTC,1,1,0.5,0.25,0.4782608695652174,0.375,0.375,0.7142857142857143,55.27391304347827,22.0,24.0,-2.0,-8.66,-8.88,-9.33,-30.55,0,0,0,0,0,1,0,0,0,0,0,1,0,0,0,1,0,0,0,0,0,1,0,0,1,0,0,0,0,0,1,1,0,0,0,1,0,0,0,0,0,1,0,51.0590782453368,48.9409217546632,48.9409217546632,1
GTTATTTGAAGCTCCTTTGTTGTTCGTAAGTTTT,0.0,GTTA,TTTG,AAGCTCCTTTGTTGTTCGTAAGT,AAGCTCCT,TTGTTGTT,CGTAAGT,TTT,1,0,0.3235294117647059,0.25,0.391304347826087,0.5,0.25,0.42857142857142855,51.70869565217392,24.0,20.0,4.0,-10.22,-8.78,-7.91,-29.21,0,0,0,0,0,1,0,0,0,0,0,1,0,0,0,1,0,0,0,0,0,1,0,0,1,0,0,0,0,0,1,0,1,0,0,0,1,0,0,0,0,0,1,57.05801493582007,-57.05801493582007,57.05801493582007,1
AGTCTTTGAAGCTGCAGTACCACGTGGTCAGGAG,100.0,AGTC,TTTG,AAGCTGCAGTACCACGTGGTCAG,AAGCTGCA,GTACCACG,TGGTCAG,GAG,1,1,0.5294117647058824,0.25,0.5652173913043478,0.5,0.625,0.5714285714285714,58.83913043478262,24.0,22.0,2.0,-10.940000000000001,-10.36,-8.76,-32.78,0,0,0,0,0,1,0,0,0,0,0,1,0,0,0,1,0,0,0,0,0,1,0,0,1,0,0,0,0,0,1,0,0,1,0,0,1,0,0,1,0,0,0,50.421173259772374,49.578826740227626,49.578826740227626,1
GCTCTTTGACAAACATGGCATTTCCCATACTCAG,0.0,GCTC,TTTG,ACAAACATGGCATTTCCCATACT,ACAAACAT,GGCATTTC,CCATACT,CAG,1,0,0.4411764705882353,0.25,0.391304347826087,0.25,0.5,0.42857142857142855,51.70869565217392,20.0,20.0,0.0,-8.66,-9.71,-7.47,-29.13,0,0,0,0,0,1,0,0,0,0,0,1,0,0,0,0,1,0,0,1,0,0,0,1,0,0,0,1,0,0,0,0,1,0,0,1,0,0,0,0,0,0,1,60.93467605844704,-60.93467605844704,60.93467605844704,1
GCATTTTGACAACTGTGTTCTTAAGCCGGCCACA,0.352112676056338,GCAT,TTTG,ACAACTGTGTTCTTAAGCCGGCC,ACAACTGT,GTTCTTAA,GCCGGCC,ACA,1,0,0.47058823529411764,0.25,0.5217391304347826,0.375,0.25,1.0,57.056521739130446,22.0,28.0,-6.0,-9.5,-7.6,-12.17,-32.0,0,0,0,0,0,1,0,0,0,0,0,1,0,0,0,0,1,0,0,1,0,0,0,1,0,0,0,0,1,0,0,0,0,0,1,0,0,1,0,0,0,0,1,48.94391002731802,-48.59179735126168,48.59179735126168,1
CGAGTTTGACAAGTCATCCACCATCCCGCGCAAC,100.0,CGAG,TTTG,ACAAGTCATCCACCATCCCGCGC,ACAAGTCA,TCCACCAT,CCCGCGC,AAC,1,1,0.5588235294117647,0.25,0.6086956521739131,0.375,0.5,1.0,60.62173913043479,22.0,28.0,-6.0,-9.36,-10.2,-12.5,-34.24,0,0,0,0,0,1,0,0,0,0,0,1,0,0,0,0,1,0,0,1,0,0,0,1,0,0,0,0,0,1,0,0,0,0,1,0,1,0,0,1,0,0,0,41.05667356045342,58.94332643954658,58.94332643954658,1
CTCCTTTGACAAGTCCATCAAGCTGTGGGATGGC,0.0,CTCC,TTTG,ACAAGTCCATCAAGCTGTGGGAT,ACAAGTCC,ATCAAGCT,GTGGGAT,GGC,1,0,0.5294117647058824,0.25,0.4782608695652174,0.5,0.375,0.5714285714285714,55.27391304347827,24.0,22.0,2.0,-9.75,-9.43,-8.75,-30.830000000000002,0,0,0,0,0,1,0,0,0,0,0,1,0,0,0,0,1,0,0,1,0,0,0,1,0,0,0,0,0,1,0,0,0,0,1,0,1,0,0,0,1,0,0,61.14885854039973,-61.14885854039973,61.14885854039973,1
GGGCTTTGACAGCCACGAGGCCATGTGTGCGTGG,0.0,GGGC,TTTG,ACAGCCACGAGGCCATGTGTGCG,ACAGCCAC,GAGGCCAT,GTGTGCG,TGG,1,0,0.6470588235294118,0.25,0.6521739130434783,0.625,0.625,0.7142857142857143,62.40434782608696,26.0,24.0,2.0,-11.14,-10.83,-10.19,-35.78,0,0,0,0,0,1,0,0,0,0,0,1,0,0,0,0,1,0,0,1,0,0,0,0,0,1,0,0,1,0,0,0,1,0,0,1,0,0,0,0,1,0,0,55.13606436206099,-55.13606436206099,55.13606436206099,1
CCTTTTTGACAGCTTCCGCCGGGACTGCCTGGCC,86.12099644128114,CCTT,TTTG,ACAGCTTCCGCCGGGACTGCCTG,ACAGCTTC,CGCCGGGA,CTGCCTG,GCC,1,1,0.6470588235294118,0.25,0.6956521739130435,0.5,0.875,0.7142857142857143,64.18695652173913,24.0,24.0,0.0,-9.99,-13.4,-9.540000000000001,-36.21,0,0,0,0,0,1,0,0,0,0,0,1,0,0,0,0,1,0,0,1,0,0,0,0,0,1,0,0,1,0,0,0,0,0,1,0,0,0,1,0,1,0,0,31.610814983531636,54.510181457749496,54.510181457749496,1
GTATTTTGACATCTTTACCACATTTCTTCATGGG,80.67796610169492,GTAT,TTTG,ACATCTTTACCACATTTCTTCAT,ACATCTTT,ACCACATT,TCTTCAT,GGG,1,1,0.35294117647058826,0.25,0.30434782608695654,0.25,0.375,0.2857142857142857,48.14347826086957,20.0,18.0,2.0,-8.35,-9.5,-7.21,-26.64,0,0,0,0,0,1,0,0,0,0,0,1,0,0,0,0,1,0,0,1,0,0,0,0,0,0,1,0,1,0,0,0,0,0,1,0,0,0,1,0,0,0,1,31.22093699301426,49.45702910868066,49.45702910868066,1
AGCTTTTGACCACAGTGTCTTTCCAGTTTAGCTT,18.461538461538463,AGCT,TTTG,ACCACAGTGTCTTTCCAGTTTAG,ACCACAGT,GTCTTTCC,AGTTTAG,CTT,1,0,0.4117647058823529,0.25,0.43478260869565216,0.5,0.5,0.2857142857142857,53.491304347826095,24.0,18.0,6.0,-10.34,-9.16,-6.58,-28.98,0,0,0,0,0,1,0,0,0,0,0,1,0,0,0,0,1,0,0,0,1,0,0,1,0,0,0,0,1,0,0,1,0,0,0,0,0,1,0,0,0,0,1,73.41841912712597,-54.956880665587505,54.956880665587505,1
GAGATTTGACCATATTCTTCAGCTGAGCAATTTC,100.0,GAGA,TTTG,ACCATATTCTTCAGCTGAGCAAT,ACCATATT,CTTCAGCT,GAGCAAT,TTC,1,1,0.38235294117647056,0.25,0.391304347826087,0.25,0.5,0.42857142857142855,51.70869565217392,20.0,20.0,0.0,-8.07,-9.83,-8.15,-28.8,0,0,0,0,0,1,0,0,0,0,0,1,0,0,0,0,1,0,0,0,1,0,0,1,0,0,0,0,0,0,1,1,0,0,0,0,0,0,1,0,0,0,1,51.56447232298985,48.43552767701015,48.43552767701015,1
AACCTTTGACCCAGCTGCTCTACTGCCTGGGGCC,0.0,AACC,TTTG,ACCCAGCTGCTCTACTGCCTGGG,ACCCAGCT,GCTCTACT,GCCTGGG,GCC,1,0,0.6176470588235294,0.25,0.6521739130434783,0.625,0.5,0.8571428571428571,62.40434782608696,26.0,26.0,0.0,-11.370000000000001,-9.4,-10.49,-34.160000000000004,0,0,0,0,0,1,0,0,0,0,0,1,0,0,0,0,1,0,0,0,1,0,0,0,1,0,0,1,0,0,0,0,0,1,0,0,1,0,0,0,0,0,1,49.37608342106219,-49.37608342106219,49.37608342106219,1
GAACTTTGACCCCAAGATCAATTCCAGGTCTCTC,12.643678160919542,GAAC,TTTG,ACCCCAAGATCAATTCCAGGTCT,ACCCCAAG,ATCAATTC,CAGGTCT,CTC,1,0,0.47058823529411764,0.25,0.4782608695652174,0.625,0.25,0.5714285714285714,55.27391304347827,26.0,22.0,4.0,-10.69,-7.8100000000000005,-8.59,-30.23,0,0,0,0,0,1,0,0,0,0,0,1,0,0,0,0,1,0,0,0,1,0,0,0,1,0,0,0,1,0,0,1,0,0,0,1,0,0,0,0,0,1,0,68.42361812977664,-55.7799399688571,55.7799399688571,1
GACCTTTGACCCGAGCTCTGCGCACCCGAGCCTG,100.0,GACC,TTTG,ACCCGAGCTCTGCGCACCCGAGC,ACCCGAGC,TCTGCGCA,CCCGAGC,CTG,1,1,0.6764705882352942,0.25,0.7391304347826086,0.75,0.625,0.8571428571428571,65.9695652173913,28.0,26.0,2.0,-12.11,-12.13,-10.67,-37.63,0,0,0,0,0,1,0,0,0,0,0,1,0,0,0,0,1,0,0,0,1,0,0,0,1,0,0,0,0,1,0,1,0,0,0,0,0,1,0,0,1,0,0,42.41411418952217,57.58588581047783,57.58588581047783,1
TCAGTTTGACCCGCGGACCTTCCACAACGACCTG,0.0,TCAG,TTTG,ACCCGCGGACCTTCCACAACGAC,ACCCGCGG,ACCTTCCA,CAACGAC,CTG,1,0,0.5882352941176471,0.25,0.6521739130434783,0.875,0.5,0.5714285714285714,62.40434782608696,30.0,22.0,8.0,-13.540000000000001,-10.15,-8.8,-35.23,0,0,0,0,0,1,0,0,0,0,0,1,0,0,0,0,1,0,0,0,1,0,0,0,1,0,0,0,0,1,0,0,1,0,0,0,0,1,0,0,0,1,0,50.29906141045977,-50.29906141045977,50.29906141045977,1
GCCGTTTGACCCGGTCCTGGTTGGCCTTGGCGCC,91.51712887438823,GCCG,TTTG,ACCCGGTCCTGGTTGGCCTTGGC,ACCCGGTC,CTGGTTGG,CCTTGGC,GCC,1,1,0.7058823529411765,0.25,0.6956521739130435,0.75,0.625,0.7142857142857143,64.18695652173913,28.0,24.0,4.0,-11.870000000000001,-10.3,-9.65,-35.9,0,0,0,0,0,1,0,0,0,0,0,1,0,0,0,0,1,0,0,0,1,0,0,0,1,0,0,0,0,1,0,0,0,1,0,0,0,0,1,0,1,0,0,39.4114198224225,52.10570905196573,52.10570905196573,1
AGCATTTGACCTCGGGTATCCCGGAACCTGCTGC,0.0,AGCA,TTTG,ACCTCGGGTATCCCGGAACCTGC,ACCTCGGG,TATCCCGG,AACCTGC,TGC,1,0,0.5882352941176471,0.25,0.6521739130434783,0.75,0.625,0.5714285714285714,62.40434782608696,28.0,22.0,6.0,-11.71,-10.45,-9.25,-34.15,0,0,0,0,0,1,0,0,0,0,0,1,0,0,0,0,1,0,0,0,1,0,0,0,0,0,1,0,1,0,0,0,0,1,0,0,0,1,0,0,0,1,0,53.549638521772835,-53.549638521772835,53.549638521772835,1
GCTGTTTGACCTTCGGGACCAACACGCGGACCCC,100.0,GCTG,TTTG,ACCTTCGGGACCAACACGCGGAC,ACCTTCGG,GACCAACA,CGCGGAC,CCC,1,1,0.6470588235294118,0.25,0.6521739130434783,0.625,0.5,0.8571428571428571,62.40434782608696,26.0,26.0,0.0,-10.870000000000001,-9.92,-11.16,-35.23,0,0,0,0,0,1,0,0,0,0,0,1,0,0,0,0,1,0,0,0,1,0,0,0,0,0,1,0,0,0,1,0,1,0,0,0,0,1,0,0,0,1,0,33.84903420549717,66.15096579450284,66.15096579450284,1
GCGGTTTGACGACAAGCCCGACTACTCTTACCTA,7.009345794392523,GCGG,TTTG,ACGACAAGCCCGACTACTCTTAC,ACGACAAG,CCCGACTA,CTCTTAC,CTA,1,0,0.5294117647058824,0.25,0.5217391304347826,0.5,0.625,0.42857142857142855,57.056521739130446,24.0,20.0,4.0,-10.08,-10.45,-6.88,-31.09,0,0,0,0,0,1,0,0,0,0,0,1,0,0,0,0,1,0,0,0,0,1,0,1,0,0,0,0,1,0,0,1,0,0,0,1,0,0,0,0,0,1,0,73.97844552673001,-66.9690997323375,66.9690997323375,1
CCCTTTTGACTGCTGGCTGAAAGCAGTCTGCATC,5.813953488372093,CCCT,TTTG,ACTGCTGGCTGAAAGCAGTCTGC,ACTGCTGG,CTGAAAGC,AGTCTGC,ATC,1,0,0.5294117647058824,0.25,0.5652173913043478,0.625,0.5,0.5714285714285714,58.83913043478262,26.0,22.0,4.0,-10.98,-9.55,-8.99,-33.21,0,0,0,0,0,1,0,0,0,0,0,1,0,0,0,0,1,0,0,0,0,0,1,0,0,1,0,0,1,0,0,0,0,0,1,0,0,1,0,0,0,1,0,61.82591791652602,-56.01196442815393,56.01196442815393,1
TGGATTTGACTTCTTCAGCTGGTGCCAACTTCAG,0.6451612903225806,TGGA,TTTG,ACTTCTTCAGCTGGTGCCAACTT,ACTTCTTC,AGCTGGTG,CCAACTT,CAG,1,0,0.47058823529411764,0.25,0.4782608695652174,0.375,0.625,0.42857142857142855,55.27391304347827,22.0,20.0,2.0,-8.6,-10.98,-8.01,-31.28,0,0,0,0,0,1,0,0,0,0,0,1,0,0,0,0,1,0,0,0,0,0,1,0,0,0,1,0,1,0,0,0,0,0,1,0,0,0,1,0,1,0,0,55.498975232782975,-54.85381394246039,54.85381394246039,1
GACGTTTGAGAAGATCGAGGAGGTGTCTGCTCGG,0.0,GACG,TTTG,AGAAGATCGAGGAGGTGTCTGCT,AGAAGATC,GAGGAGGT,GTCTGCT,CGG,1,0,0.5588235294117647,0.25,0.5217391304347826,0.375,0.625,0.5714285714285714,57.056521739130446,22.0,22.0,0.0,-8.34,-10.280000000000001,-8.99,-31.23,0,0,0,0,0,1,0,0,0,0,0,1,0,0,0,0,0,1,0,1,0,0,0,1,0,0,0,0,0,1,0,1,0,0,0,0,0,0,1,0,1,0,0,59.65964579749672,-59.65964579749672,59.65964579749672,1
CAGGTTTGAGAAGCCACGCATGGACGACGGGCTG,100.0,CAGG,TTTG,AGAAGCCACGCATGGACGACGGG,AGAAGCCA,CGCATGGA,CGACGGG,CTG,1,1,0.6176470588235294,0.25,0.6521739130434783,0.5,0.625,0.8571428571428571,62.40434782608696,24.0,26.0,-2.0,-10.39,-11.33,-10.76,-35.36,0,0,0,0,0,1,0,0,0,0,0,1,0,0,0,0,0,1,0,1,0,0,0,1,0,0,0,0,0,1,0,0,1,0,0,0,1,0,0,1,0,0,0,50.838327264206285,49.161672735793715,49.161672735793715,1
CTTGTTTGAGACTTGACTATAATTCAGTCTGATG,90.42089985486211,CTTG,TTTG,AGACTTGACTATAATTCAGTCTG,AGACTTGA,CTATAATT,CAGTCTG,ATG,1,1,0.35294117647058826,0.25,0.34782608695652173,0.375,0.125,0.5714285714285714,49.92608695652175,22.0,22.0,0.0,-9.05,-6.2,-8.2,-26.19,0,0,0,0,0,1,0,0,0,0,0,1,0,0,0,0,0,1,0,1,0,0,0,0,1,0,0,0,0,0,1,0,0,0,1,0,0,1,0,1,0,0,0,32.63207950656975,57.78882034829236,57.78882034829236,1
CAGCTTTGAGAGCTCTGCGTGGATCGTCTGCAGA,100.0,CAGC,TTTG,AGAGCTCTGCGTGGATCGTCTGC,AGAGCTCT,GCGTGGAT,CGTCTGC,AGA,1,1,0.5588235294117647,0.25,0.6086956521739131,0.5,0.625,0.7142857142857143,60.62173913043479,24.0,24.0,0.0,-9.96,-11.32,-9.88,-33.910000000000004,0,0,0,0,0,1,0,0,0,0,0,1,0,0,0,0,0,1,0,1,0,0,0,0,0,1,0,0,1,0,0,0,0,0,1,0,1,0,0,0,0,0,1,50.340911256233426,49.659088743766574,49.659088743766574,1
CACCTTTGAGAGTAGCCATTACCTCCTTTGTGCC,14.200831847890672,CACC,TTTG,AGAGTAGCCATTACCTCCTTTGT,AGAGTAGC,CATTACCT,CCTTTGT,GCC,1,0,0.5,0.25,0.43478260869565216,0.5,0.375,0.42857142857142855,53.491304347826095,24.0,20.0,4.0,-9.4,-8.47,-8.01,-29.02,0,0,0,0,0,1,0,0,0,0,0,1,0,0,0,0,0,1,0,1,0,0,0,0,0,1,0,0,0,0,1,1,0,0,0,0,0,1,0,0,1,0,0,79.88578206104553,-65.68495021315486,65.68495021315486,1
AGCCTTTGAGCAGATCACCCTGGAGTCGGAGCGG,0.0,AGCC,TTTG,AGCAGATCACCCTGGAGTCGGAG,AGCAGATC,ACCCTGGA,GTCGGAG,CGG,1,0,0.6176470588235294,0.25,0.6086956521739131,0.5,0.625,0.7142857142857143,60.62173913043479,24.0,24.0,0.0,-9.73,-10.99,-9.33,-32.78,0,0,0,0,0,1,0,0,0,0,0,1,0,0,0,0,0,1,0,0,1,0,0,1,0,0,0,0,0,1,0,1,0,0,0,0,0,0,1,0,1,0,0,57.38718394185971,-57.38718394185971,57.38718394185971,1
GGAGTTTGAGCAGCTGGCCAATAACAAGAAGGAG,0.3021148036253776,GGAG,TTTG,AGCAGCTGGCCAATAACAAGAAG,AGCAGCTG,GCCAATAA,CAAGAAG,GAG,1,0,0.5,0.25,0.4782608695652174,0.625,0.375,0.42857142857142855,55.27391304347827,26.0,20.0,6.0,-11.22,-8.99,-7.3100000000000005,-30.8,0,0,0,0,0,1,0,0,0,0,0,1,0,0,0,0,0,1,0,0,1,0,0,1,0,0,0,0,0,1,0,0,1,0,0,0,0,0,1,0,0,1,0,52.90273157782787,-52.60061677420249,52.60061677420249,1
TGGCTTTGAGCAGTGTGCTGCTCAGATGTGCCCA,0.0,TGGC,TTTG,AGCAGTGTGCTGCTCAGATGTGC,AGCAGTGT,GCTGCTCA,GATGTGC,CCA,1,0,0.5588235294117647,0.25,0.5652173913043478,0.5,0.625,0.5714285714285714,58.83913043478262,24.0,22.0,2.0,-10.58,-11.24,-8.76,-33.31,0,0,0,0,0,1,0,0,0,0,0,1,0,0,0,0,0,1,0,0,1,0,0,1,0,0,0,0,0,1,0,0,0,0,1,0,0,1,0,0,0,0,1,52.079954065668154,-52.079954065668154,52.079954065668154,1
CTGCTTTGAGCGGAACCCGTACCCGGGCATCGCC,0.0,CTGC,TTTG,AGCGGAACCCGTACCCGGGCATC,AGCGGAAC,CCGTACCC,GGGCATC,GCC,1,0,0.6764705882352942,0.25,0.6956521739130435,0.625,0.75,0.7142857142857143,64.18695652173913,26.0,24.0,2.0,-11.27,-11.15,-9.55,-35.980000000000004,0,0,0,0,0,1,0,0,0,0,0,1,0,0,0,0,0,1,0,0,1,0,0,0,0,1,0,0,0,1,0,1,0,0,0,1,0,0,0,0,1,0,0,56.65233384402946,-56.65233384402946,56.65233384402946,1
CAACTTTGAGCTGATCCTCTTCTGGGGACCTGGC,0.0,CAAC,TTTG,AGCTGATCCTCTTCTGGGGACCT,AGCTGATC,CTCTTCTG,GGGACCT,GGC,1,0,0.5588235294117647,0.25,0.5652173913043478,0.5,0.5,0.7142857142857143,58.83913043478262,24.0,24.0,0.0,-9.73,-8.89,-9.540000000000001,-31.84,0,0,1,0,0,1,0,0,0,0,0,1,0,0,0,0,0,1,0,0,1,0,0,0,0,0,1,0,0,1,0,1,0,0,0,0,0,0,1,0,1,0,0,59.227098282727525,-59.227098282727525,59.227098282727525,1
CTCCTTTGAGCTGCTCTACTATTATGATGAGTAC,8.505154639175258,CTCC,TTTG,AGCTGCTCTACTATTATGATGAG,AGCTGCTC,TACTATTA,TGATGAG,TAC,1,0,0.4117647058823529,0.25,0.391304347826087,0.625,0.125,0.42857142857142855,51.70869565217392,26.0,20.0,6.0,-11.07,-6.34,-7.66,-27.23,0,0,0,0,0,1,0,0,0,0,0,1,0,0,0,0,0,1,0,0,1,0,0,0,0,0,1,0,0,1,0,0,1,0,0,0,0,0,1,0,1,0,0,56.65348799042336,-48.1483333512481,48.1483333512481,1
GTCCTTTGAGCTTGGCCAGCTATGGAATGTGGTA,0.0,GTCC,TTTG,AGCTTGGCCAGCTATGGAATGTG,AGCTTGGC,CAGCTATG,GAATGTG,GTA,1,0,0.5,0.25,0.5217391304347826,0.625,0.5,0.42857142857142855,57.056521739130446,26.0,20.0,6.0,-11.33,-9.16,-7.52,-31.69,0,0,0,0,0,1,0,0,0,0,0,1,0,0,0,0,0,1,0,0,1,0,0,0,0,0,1,0,0,0,1,0,0,1,0,0,0,1,0,0,1,0,0,62.44664601046908,-62.44664601046908,62.44664601046908,1
TTTCTTTGAGGTAACCTTCTAACAGCTTTTCAAC,83.70221327967808,TTTC,TTTG,AGGTAACCTTCTAACAGCTTTTC,AGGTAACC,TTCTAACA,GCTTTTC,AAC,1,1,0.35294117647058826,0.25,0.391304347826087,0.5,0.25,0.42857142857142855,51.70869565217392,24.0,20.0,4.0,-9.42,-8.05,-7.82,-27.85,1,0,0,0,0,1,0,0,0,0,0,1,0,0,0,0,0,1,0,0,0,1,0,0,0,0,1,1,0,0,0,1,0,0,0,0,1,0,0,0,1,0,0,35.547940100782014,48.15427317889606,48.15427317889606,1
GGCATTTGAGTCCAGGGCCTTCCGCGGGGAGCAG,100.0,GGCA,TTTG,AGTCCAGGGCCTTCCGCGGGGAG,AGTCCAGG,GCCTTCCG,CGGGGAG,CAG,1,1,0.6764705882352942,0.25,0.7391304347826086,0.625,0.75,0.8571428571428571,65.9695652173913,26.0,26.0,0.0,-10.43,-11.67,-10.27,-36.45,0,0,1,0,0,1,0,0,0,0,0,1,0,0,0,0,0,1,0,0,0,0,1,0,1,0,0,0,1,0,0,1,0,0,0,0,0,1,0,0,0,1,0,38.888775304540744,61.111224695459256,61.111224695459256,1
GCAGTTTGAGTCCCAGGTGCTGGCTCCGCACTGT,100.0,GCAG,TTTG,AGTCCCAGGTGCTGGCTCCGCAC,AGTCCCAG,GTGCTGGC,TCCGCAC,TGT,1,1,0.6176470588235294,0.25,0.6956521739130435,0.625,0.75,0.7142857142857143,64.18695652173913,26.0,24.0,2.0,-10.43,-11.940000000000001,-10.44,-35.93,0,0,0,0,0,1,0,0,0,0,0,1,0,0,0,0,0,1,0,0,0,0,1,0,1,0,0,0,1,0,0,0,1,0,0,1,0,0,0,0,0,1,0,42.813173319408364,57.186826680591636,57.186826680591636,1
CTGGTTTGAGTCCTCTCTGTCACACATGAAGCCA,2.416918429003021,CTGG,TTTG,AGTCCTCTCTGTCACACATGAAG,AGTCCTCT,CTGTCACA,CATGAAG,CCA,1,0,0.5,0.25,0.4782608695652174,0.5,0.5,0.42857142857142855,55.27391304347827,24.0,20.0,4.0,-9.72,-9.81,-7.36,-29.63,0,0,0,0,0,1,0,0,0,0,0,1,0,0,0,0,0,1,0,0,0,0,1,0,1,0,0,0,1,0,0,0,0,0,1,0,1,0,0,0,0,0,1,67.74757881293986,-65.33066038393684,65.33066038393684,1
GGCCTTTGAGTCGTCCTGCATGACGTTTGGGGAC,0.0,GGCC,TTTG,AGTCGTCCTGCATGACGTTTGGG,AGTCGTCC,TGCATGAC,GTTTGGG,GAC,1,0,0.5882352941176471,0.25,0.5652173913043478,0.625,0.5,0.5714285714285714,58.83913043478262,26.0,22.0,4.0,-10.77,-10.21,-8.57,-33.0,0,0,0,0,0,1,0,0,0,0,0,1,0,0,0,0,0,1,0,0,0,0,1,0,1,0,0,0,0,1,0,0,0,0,1,0,1,0,0,0,1,0,0,61.01499722374853,-61.01499722374853,61.01499722374853,1
CAAATTTGAGTGTCTCTGTTGAAAACCTCTGCAC,0.0,CAAA,TTTG,AGTGTCTCTGTTGAAAACCTCTG,AGTGTCTC,TGTTGAAA,ACCTCTG,CAC,1,0,0.4117647058823529,0.25,0.43478260869565216,0.5,0.25,0.5714285714285714,53.491304347826095,24.0,22.0,2.0,-9.49,-8.64,-8.59,-29.0,0,0,0,0,0,1,0,0,0,0,0,1,0,0,0,0,0,1,0,0,0,0,1,0,0,1,0,0,0,0,1,0,1,0,0,0,0,0,1,0,1,0,0,59.03110084236929,-59.03110084236929,59.03110084236929,1
GTTATTTGATACATGTTGGTGGCCTCTGCCCTTC,1.9230769230769231,GTTA,TTTG,ATACATGTTGGTGGCCTCTGCCC,ATACATGT,TGGTGGCC,TCTGCCC,TTC,1,0,0.47058823529411764,0.25,0.5652173913043478,0.25,0.75,0.7142857142857143,58.83913043478262,20.0,24.0,-4.0,-8.12,-12.1,-9.950000000000001,-32.45,0,0,0,0,0,1,0,0,0,0,0,1,0,0,0,0,0,0,1,1,0,0,0,0,1,0,0,1,0,0,0,0,0,0,1,0,0,1,0,0,0,0,1,55.94399103160802,-54.0209141085311,54.0209141085311,1
CATCTTTGATCACCATAGCCATAACTGCCATCCG,100.0,CATC,TTTG,ATCACCATAGCCATAACTGCCAT,ATCACCAT,AGCCATAA,CTGCCAT,CCG,1,1,0.47058823529411764,0.25,0.43478260869565216,0.375,0.375,0.5714285714285714,53.491304347826095,22.0,22.0,0.0,-9.24,-9.27,-9.14,-29.67,0,0,0,0,0,1,0,0,0,0,0,1,0,0,0,0,0,0,1,0,1,0,0,1,0,0,0,0,1,0,0,0,1,0,0,1,0,0,0,0,0,0,1,41.49748711495684,58.50251288504316,58.50251288504316,1
TGGTTTTGATCATGCTGAGACCCATTTCAACACA,0.0946073793755913,TGGT,TTTG,ATCATGCTGAGACCCATTTCAAC,ATCATGCT,GAGACCCA,TTTCAAC,ACA,1,0,0.4117647058823529,0.25,0.43478260869565216,0.375,0.625,0.2857142857142857,53.491304347826095,22.0,18.0,4.0,-9.48,-10.45,-7.1899999999999995,-29.45,0,0,0,0,0,1,0,0,0,0,0,1,0,0,0,0,0,0,1,0,1,0,0,1,0,0,0,0,0,0,1,0,0,1,0,0,1,0,0,0,0,0,1,62.989782174092134,-62.895174794716546,62.895174794716546,1
GAGTTTTGATGAACATGGTTGGATGCACGATGTA,95.9375,GAGT,TTTG,ATGAACATGGTTGGATGCACGAT,ATGAACAT,GGTTGGAT,GCACGAT,GTA,1,1,0.4117647058823529,0.25,0.43478260869565216,0.25,0.5,0.5714285714285714,53.491304347826095,20.0,22.0,-2.0,-8.4,-9.75,-9.48,-30.53,0,0,0,0,0,1,0,0,0,0,0,1,0,0,0,0,0,0,1,0,0,1,0,1,0,0,0,1,0,0,0,0,1,0,0,1,0,0,0,0,0,0,1,45.989000201835296,49.948499798164704,49.948499798164704,1
CATATTTGATGCAAAGGTCAGCAATTACTTGCAG,27.9467680608365,CATA,TTTG,ATGCAAAGGTCAGCAATTACTTG,ATGCAAAG,GTCAGCAA,TTACTTG,CAG,1,1,0.38235294117647056,0.25,0.391304347826087,0.375,0.5,0.2857142857142857,51.70869565217392,22.0,18.0,4.0,-9.3,-10.16,-6.75,-28.93,0,0,0,0,0,1,0,0,0,0,0,1,0,0,0,0,0,0,1,0,0,1,0,0,1,0,0,1,0,0,0,1,0,0,0,1,0,0,0,0,0,1,0,77.43980235271844,-49.49303429188194,49.49303429188194,1
ATCCTTTGATGCATGTGCTACTCAACTGGGCTGC,99.68847352024922,ATCC,TTTG,ATGCATGTGCTACTCAACTGGGC,ATGCATGT,GCTACTCA,ACTGGGC,TGC,1,1,0.5,0.25,0.5217391304347826,0.375,0.5,0.7142857142857143,57.056521739130446,22.0,24.0,-2.0,-9.79,-9.57,-10.09,-31.900000000000002,0,0,0,0,0,1,0,0,0,0,0,1,0,0,0,0,0,0,1,0,0,1,0,0,1,0,0,1,0,0,0,0,0,0,1,0,0,1,0,0,0,0,1,48.28870854780494,51.39976497244428,51.39976497244428,1
CCAGTTTGATTACCAGGATGCAGACAAGGCTCTT,0.0,CCAG,TTTG,ATTACCAGGATGCAGACAAGGCT,ATTACCAG,GATGCAGA,CAAGGCT,CTT,1,0,0.47058823529411764,0.25,0.4782608695652174,0.375,0.5,0.5714285714285714,55.27391304347827,22.0,22.0,0.0,-8.47,-9.9,-9.09,-30.740000000000002,0,0,0,0,0,1,0,0,0,0,0,1,0,0,0,0,0,0,1,0,0,0,1,1,0,0,0,0,1,0,0,0,1,0,0,1,0,0,0,0,0,1,0,58.820541021040206,-58.820541021040206,58.820541021040206,1
CCTCTTTGATTATCATGGACAGTTTTTGTCGAAA,78.57142857142857,CCTC,TTTG,ATTATCATGGACAGTTTTTGTCG,ATTATCAT,GGACAGTT,TTTGTCG,AAA,1,1,0.35294117647058826,0.25,0.34782608695652173,0.125,0.5,0.42857142857142855,49.92608695652175,18.0,20.0,-2.0,-6.97,-9.75,-8.36,-27.53,1,1,0,0,0,1,0,0,0,0,0,1,0,0,0,0,0,0,1,0,0,0,1,1,0,0,0,0,0,0,1,0,1,0,0,1,0,0,0,0,0,0,1,11.154501468652537,67.41692710277603,67.41692710277603,1
ACAATTTGATTGTTGATTATTACCAAGAGGTTGA,98.53249475890983,ACAA,TTTG,ATTGTTGATTATTACCAAGAGGT,ATTGTTGA,TTATTACC,AAGAGGT,TGA,1,1,0.29411764705882354,0.25,0.30434782608695654,0.25,0.25,0.42857142857142855,48.14347826086957,20.0,20.0,0.0,-8.52,-7.32,-8.14,-26.31,0,0,0,0,0,1,0,0,0,0,0,1,0,0,0,0,0,0,1,0,0,0,1,0,0,1,0,0,0,0,1,0,0,0,1,0,0,1,0,1,0,0,0,33.08347889320941,65.44901586570043,65.44901586570043,1
GTCCTTTGATTTCCCTTTCTACGGGCATCCTCTG,4.649000464900047,GTCC,TTTG,ATTTCCCTTTCTACGGGCATCCT,ATTTCCCT,TTCTACGG,GCATCCT,CTG,1,0,0.5,0.25,0.4782608695652174,0.375,0.5,0.5714285714285714,55.27391304347827,22.0,22.0,0.0,-9.14,-9.61,-8.99,-30.580000000000002,0,0,0,0,0,1,0,0,0,0,0,1,0,0,0,0,0,0,1,0,0,0,1,0,0,0,1,0,1,0,0,0,1,0,0,0,1,0,0,0,0,0,1,53.94633327906599,-49.29733281416594,49.29733281416594,1
GAGCTTTGCAAAAACCTTATTTCGAGCATCCAGG,0.0,GAGC,TTTG,CAAAAACCTTATTTCGAGCATCC,CAAAAACC,TTATTTCG,AGCATCC,AGG,1,0,0.4411764705882353,0.25,0.391304347826087,0.375,0.25,0.5714285714285714,51.70869565217392,22.0,22.0,0.0,-8.73,-7.93,-8.99,-28.23,0,0,0,0,0,1,0,0,0,0,0,0,1,0,0,1,0,0,0,1,0,0,0,1,0,0,0,1,0,0,0,1,0,0,0,0,1,0,0,0,1,0,0,57.191210122872455,-57.191210122872455,57.191210122872455,1
GATGTTTGCAAAGTAGTTCAGGTTGTTGAGGCCA,0.0,GATG,TTTG,CAAAGTAGTTCAGGTTGTTGAGG,CAAAGTAG,TTCAGGTT,GTTGAGG,CCA,1,0,0.4411764705882353,0.25,0.43478260869565216,0.375,0.375,0.5714285714285714,53.491304347826095,22.0,22.0,0.0,-8.03,-9.31,-8.31,-28.54,0,0,0,0,0,1,0,0,0,0,0,0,1,0,0,1,0,0,0,1,0,0,0,1,0,0,0,0,0,1,0,0,0,0,1,1,0,0,0,0,0,1,0,52.36424279634231,-52.36424279634231,52.36424279634231,1
CAGATTTGCAACCTCCGGCTTTCCCAGCTACGGC,98.51485148514853,CAGA,TTTG,CAACCTCCGGCTTTCCCAGCTAC,CAACCTCC,GGCTTTCC,CAGCTAC,GGC,1,1,0.5882352941176471,0.25,0.6086956521739131,0.625,0.625,0.5714285714285714,60.62173913043479,26.0,22.0,4.0,-10.15,-10.5,-8.27,-32.93,0,0,0,0,0,1,0,0,0,0,0,0,1,0,0,1,0,0,0,1,0,0,0,0,1,0,0,0,1,0,0,0,0,0,1,0,1,0,0,0,1,0,0,47.92908869594999,50.58576278919853,50.58576278919853,1
CCAGTTTGCAACCTGCTCAATGGGACACAGGAAA,100.0,CCAG,TTTG,CAACCTGCTCAATGGGACACAGG,CAACCTGC,TCAATGGG,ACACAGG,AAA,1,1,0.5,0.25,0.5652173913043478,0.625,0.5,0.5714285714285714,58.83913043478262,26.0,22.0,4.0,-10.7,-9.76,-8.9,-31.94,0,0,0,0,0,1,0,0,0,0,0,0,1,0,0,1,0,0,0,1,0,0,0,0,1,0,0,0,1,0,0,0,0,0,1,0,0,1,0,0,1,0,0,46.59918584918349,53.40081415081651,53.40081415081651,1
GTCCTTTGCAAGGCACAGCTGCCCCAGGACCCGA,0.0,GTCC,TTTG,CAAGGCACAGCTGCCCCAGGACC,CAAGGCAC,AGCTGCCC,CAGGACC,CGA,1,0,0.6470588235294118,0.25,0.6956521739130435,0.625,0.75,0.7142857142857143,64.18695652173913,26.0,24.0,2.0,-10.7,-12.17,-9.15,-35.31,0,0,0,0,0,1,0,0,0,0,0,0,1,0,0,1,0,0,0,1,0,0,0,0,0,1,0,0,0,1,0,0,1,0,0,1,0,0,0,0,1,0,0,48.44109245226389,-48.44109245226389,48.44109245226389,1
AGGCTTTGCACACGGAGTCCGCGTGAAATCGACT,0.0,AGGC,TTTG,CACACGGAGTCCGCGTGAAATCG,CACACGGA,GTCCGCGT,GAAATCG,ACT,1,0,0.5588235294117647,0.25,0.6086956521739131,0.625,0.75,0.42857142857142855,60.62173913043479,26.0,20.0,6.0,-11.09,-12.6,-7.65,-34.07,0,0,0,0,0,1,0,0,0,0,0,0,1,0,0,1,0,0,0,0,1,0,0,1,0,0,0,0,1,0,0,0,0,1,0,0,0,1,0,1,0,0,0,58.84089805554606,-58.84089805554606,58.84089805554606,1
GCAGTTTGCACCATGTTCCTGAATCGACCAACTG,100.0,GCAG,TTTG,CACCATGTTCCTGAATCGACCAA,CACCATGT,TCCTGAAT,CGACCAA,CTG,1,1,0.5,0.25,0.4782608695652174,0.5,0.375,0.5714285714285714,55.27391304347827,24.0,22.0,2.0,-9.95,-9.05,-9.2,-30.5,0,0,0,0,0,1,0,0,0,0,0,0,1,0,0,1,0,0,0,0,1,0,0,0,1,0,0,1,0,0,0,0,0,0,1,0,0,1,0,0,0,0,1,37.15000757558263,62.84999242441737,62.84999242441737,1
TCCATTTGCACGCCACAGAGCTCTTCACAAACTC,11.727078891257996,TCCA,TTTG,CACGCCACAGAGCTCTTCACAAA,CACGCCAC,AGAGCTCT,TCACAAA,CTC,1,0,0.5,0.25,0.5217391304347826,0.75,0.5,0.2857142857142857,57.056521739130446,28.0,18.0,10.0,-12.03,-9.96,-7.64,-32.08,0,0,0,0,0,1,0,0,0,0,0,0,1,0,0,1,0,0,0,0,1,0,0,0,0,1,0,0,1,0,0,0,1,0,0,1,0,0,0,0,1,0,0,59.42458867786919,-47.69750978661119,47.69750978661119,1
AAGCTTTGCACGTAACTGCAGCCGTCGCGAATGA,5.485232067510549,AAGC,TTTG,CACGTAACTGCAGCCGTCGCGAA,CACGTAAC,TGCAGCCG,TCGCGAA,TGA,1,0,0.5294117647058824,0.25,0.6086956521739131,0.5,0.75,0.5714285714285714,60.62173913043479,24.0,22.0,2.0,-9.52,-12.67,-10.18,-35.09,0,0,0,0,0,1,0,0,0,0,0,0,1,0,0,1,0,0,0,0,1,0,0,0,0,1,0,0,0,0,1,1,0,0,0,1,0,0,0,0,1,0,0,62.22136998540996,-56.736137917899406,56.736137917899406,1
AGCCTTTGCAGAGGACCTCGATGGGCGTTGACAT,0.6622516556291391,AGCC,TTTG,CAGAGGACCTCGATGGGCGTTGA,CAGAGGAC,CTCGATGG,GCGTTGA,CAT,1,0,0.5588235294117647,0.25,0.6086956521739131,0.625,0.625,0.5714285714285714,60.62173913043479,26.0,22.0,4.0,-9.89,-10.22,-9.6,-33.39,0,0,0,0,0,1,0,0,0,0,0,0,1,0,0,1,0,0,0,0,0,1,0,1,0,0,0,0,0,1,0,0,0,1,0,1,0,0,0,0,1,0,0,55.686104351851725,-55.02385269622258,55.02385269622258,1
TTCATTTGCAGATACGGTGAGTTATTGGCGTTGT,0.0,TTCA,TTTG,CAGATACGGTGAGTTATTGGCGT,CAGATACG,GTGAGTTA,TTGGCGT,TGT,1,0,0.4117647058823529,0.25,0.4782608695652174,0.5,0.375,0.5714285714285714,55.27391304347827,24.0,22.0,2.0,-9.1,-8.49,-10.14,-30.45,0,0,0,0,0,1,0,0,0,0,0,0,1,0,0,1,0,0,0,0,0,1,0,1,0,0,0,0,0,0,1,1,0,0,0,0,1,0,0,0,0,1,0,57.124229806733425,-57.124229806733425,57.124229806733425,1
CAGCTTTGCAGCAAAATGACGTGGCATTTCTCCA,12.12121212121212,CAGC,TTTG,CAGCAAAATGACGTGGCATTTCT,CAGCAAAA,TGACGTGG,CATTTCT,CCA,1,0,0.47058823529411764,0.25,0.43478260869565216,0.375,0.625,0.2857142857142857,53.491304347826095,22.0,18.0,4.0,-9.42,-11.09,-6.91,-30.54,0,0,0,0,0,1,0,0,0,0,0,0,1,0,0,1,0,0,0,0,0,1,0,0,1,0,0,1,0,0,0,1,0,0,0,1,0,0,0,1,0,0,0,61.60065471776343,-49.479442596551316,49.479442596551316,1
GACTTTTGCAGGTGCAGAAGCGCTGCTCCTGACA,100.0,GACT,TTTG,CAGGTGCAGAAGCGCTGCTCCTG,CAGGTGCA,GAAGCGCT,GCTCCTG,ACA,1,1,0.5588235294117647,0.25,0.6521739130434783,0.625,0.625,0.7142857142857143,62.40434782608696,26.0,24.0,2.0,-11.15,-11.51,-9.39,-34.78,0,0,0,0,0,1,0,0,0,0,0,0,1,0,0,1,0,0,0,0,0,1,0,0,0,1,0,0,0,0,1,0,0,1,0,0,1,0,0,1,0,0,0,47.78008660693134,52.21991339306866,52.21991339306866,1
GAAGTTTGCAGGTGGGGAGCAGGCTGCGGCTGTC,87.10407239819004,GAAG,TTTG,CAGGTGGGGAGCAGGCTGCGGCT,CAGGTGGG,GAGCAGGC,TGCGGCT,GTC,1,1,0.6470588235294118,0.25,0.7391304347826086,0.75,0.75,0.7142857142857143,65.9695652173913,28.0,24.0,4.0,-11.14,-11.63,-11.22,-37.11,0,0,1,0,0,1,0,0,0,0,0,0,1,0,0,1,0,0,0,0,0,1,0,0,0,1,0,0,0,0,1,0,0,1,0,0,0,1,0,0,0,1,0,35.02902394026963,52.07504845792041,52.07504845792041,1
TCACTTTGCAGGTTCCGCACACGATCATTTCCTC,0.0,TCAC,TTTG,CAGGTTCCGCACACGATCATTTC,CAGGTTCC,GCACACGA,TCATTTC,CTC,1,0,0.5,0.25,0.5217391304347826,0.625,0.625,0.2857142857142857,57.056521739130446,26.0,18.0,8.0,-10.15,-11.49,-6.93,-31.62,0,0,0,0,0,1,0,0,0,0,0,0,1,0,0,1,0,0,0,0,0,1,0,0,0,1,0,0,0,0,1,0,0,0,1,0,1,0,0,0,1,0,0,61.50664923950741,-61.50664923950741,61.50664923950741,1
GTCTTTTGCCAAATGGATGAGCAGCTTCTGGGGC,0.0,GTCT,TTTG,CCAAATGGATGAGCAGCTTCTGG,CCAAATGG,ATGAGCAG,CTTCTGG,GGC,1,0,0.5294117647058824,0.25,0.5217391304347826,0.5,0.5,0.5714285714285714,57.056521739130446,24.0,22.0,2.0,-9.46,-9.88,-8.15,-31.03,0,0,0,0,0,1,0,0,1,0,0,0,1,0,0,0,1,0,0,1,0,0,0,1,0,0,0,1,0,0,0,0,0,0,1,0,0,1,0,0,0,1,0,62.30991817755809,-62.30991817755809,62.30991817755809,1
GGCCTTTGCCACACACCAGGGGCCCGCCCGAGTC,84.01162790697676,GGCC,TTTG,CCACACACCAGGGGCCCGCCCGA,CCACACAC,CAGGGGCC,CGCCCGA,GTC,1,1,0.7352941176470589,0.25,0.782608695652174,0.625,0.875,0.8571428571428571,67.75217391304349,26.0,26.0,0.0,-10.51,-12.33,-11.56,-38.08,0,0,1,0,0,1,0,0,1,0,0,0,1,0,0,0,1,0,0,1,0,0,0,0,1,0,0,1,0,0,0,0,1,0,0,1,0,0,0,0,1,0,0,27.762473862898013,56.24915404407874,56.24915404407874,1
GCTTTTTGCCACATACATGCTGGATCCTGCCCGG,2.807486631016043,GCTT,TTTG,CCACATACATGCTGGATCCTGCC,CCACATAC,ATGCTGGA,TCCTGCC,CGG,1,0,0.5588235294117647,0.25,0.5652173913043478,0.5,0.5,0.7142857142857143,58.83913043478262,24.0,24.0,0.0,-9.08,-10.44,-9.950000000000001,-31.8,0,0,0,0,0,1,0,0,1,0,0,0,1,0,0,0,1,0,0,1,0,0,0,0,1,0,0,1,0,0,0,0,0,0,1,1,0,0,0,0,1,0,0,56.0539008217553,-53.24641419073926,53.24641419073926,1
CTTCTTTGCCACTCGGTGTCAAAGTGGAGGACTC,7.578008915304606,CTTC,TTTG,CCACTCGGTGTCAAAGTGGAGGA,CCACTCGG,TGTCAAAG,TGGAGGA,CTC,1,0,0.5294117647058824,0.25,0.5652173913043478,0.75,0.375,0.5714285714285714,58.83913043478262,28.0,22.0,6.0,-11.32,-8.92,-9.01,-32.13,0,0,0,0,0,1,0,0,1,0,0,0,1,0,0,0,1,0,0,1,0,0,0,0,1,0,0,0,0,0,1,0,1,0,0,0,0,1,0,0,0,1,0,62.15861643568639,-54.58060752038178,54.58060752038178,1
AGCCTTTGCCAGCAGCATGACGTGGTGTGTATCA,21.0989010989011,AGCC,TTTG,CCAGCAGCATGACGTGGTGTGTA,CCAGCAGC,ATGACGTG,GTGTGTA,TCA,1,1,0.5294117647058824,0.25,0.5652173913043478,0.75,0.5,0.42857142857142855,58.83913043478262,28.0,20.0,8.0,-11.780000000000001,-10.129999999999999,-7.8,-33.0,0,0,0,0,0,1,0,0,1,0,0,0,1,0,0,0,1,0,0,1,0,0,0,0,0,1,0,0,1,0,0,1,0,0,0,0,0,1,0,0,1,0,0,74.32534850836232,-53.22644740946123,53.22644740946123,1
TCCCTTTGCCAGGAAGTAAGAGTGGAGAGCGGTA,9.375,TCCC,TTTG,CCAGGAAGTAAGAGTGGAGAGCG,CCAGGAAG,TAAGAGTG,GAGAGCG,GTA,1,0,0.5294117647058824,0.25,0.5652173913043478,0.625,0.375,0.7142857142857143,58.83913043478262,26.0,24.0,2.0,-9.99,-8.33,-9.57,-31.17,0,0,0,0,0,1,0,0,1,0,0,0,1,0,0,0,1,0,0,1,0,0,0,0,0,1,0,0,0,1,0,1,0,0,0,1,0,0,0,0,0,1,0,71.5984385468741,-62.22343854687411,62.22343854687411,1
CATGTTTGCCAGGCTAGTCTCGAACTCCTGACCT,0.0,CATG,TTTG,CCAGGCTAGTCTCGAACTCCTGA,CCAGGCTA,GTCTCGAA,CTCCTGA,CCT,1,0,0.5294117647058824,0.25,0.5652173913043478,0.625,0.5,0.5714285714285714,58.83913043478262,26.0,22.0,4.0,-10.51,-9.79,-8.45,-31.47,0,0,0,0,0,1,0,0,1,0,0,0,1,0,0,0,1,0,0,1,0,0,0,0,0,1,0,0,0,1,0,0,1,0,0,0,0,0,1,1,0,0,0,70.36226140441744,-70.36226140441744,70.36226140441744,1
GCACTTTGCCATCACCAACCCTGGCTGGCAGCCA,0.28328611898017,GCAC,TTTG,CCATCACCAACCCTGGCTGGCAG,CCATCACC,AACCCTGG,CTGGCAG,CCA,1,0,0.6176470588235294,0.25,0.6521739130434783,0.625,0.625,0.7142857142857143,62.40434782608696,26.0,24.0,2.0,-10.2,-10.69,-9.540000000000001,-34.12,0,0,0,0,0,1,0,0,1,0,0,0,1,0,0,0,1,0,0,1,0,0,0,0,0,0,1,0,1,0,0,1,0,0,0,0,1,0,0,0,1,0,0,68.9163035698457,-68.63301745086552,68.63301745086552,1
GCTCTTTGCCATCAGCCAGTGCCAACATAACCTG,0.0,GCTC,TTTG,CCATCAGCCAGTGCCAACATAAC,CCATCAGC,CAGTGCCA,ACATAAC,CTG,1,0,0.5294117647058824,0.25,0.5217391304347826,0.625,0.625,0.2857142857142857,57.056521739130446,26.0,18.0,8.0,-10.44,-11.15,-6.79,-31.22,0,0,0,0,0,1,0,0,1,0,0,0,1,0,0,0,1,0,0,1,0,0,0,0,0,0,1,0,1,0,0,1,0,0,0,0,0,1,0,0,1,0,0,71.13091329347455,-71.13091329347455,71.13091329347455,1
TAGTTTTGCCATCCAGCTCGATGGTTCGGATCTT,0.0,TAGT,TTTG,CCATCCAGCTCGATGGTTCGGAT,CCATCCAG,CTCGATGG,TTCGGAT,CTT,1,0,0.47058823529411764,0.25,0.5652173913043478,0.625,0.625,0.42857142857142855,58.83913043478262,26.0,20.0,6.0,-10.040000000000001,-10.22,-8.49,-32.43,0,0,0,0,0,1,0,0,1,0,0,0,1,0,0,0,1,0,0,1,0,0,0,0,0,0,1,0,1,0,0,0,1,0,0,1,0,0,0,0,0,1,0,68.37796994648657,-68.37796994648657,68.37796994648657,1
TTTCTTTGCCATGTTCCTTGGGGCTACAGAGTTT,0.2127659574468085,TTTC,TTTG,CCATGTTCCTTGGGGCTACAGAG,CCATGTTC,CTTGGGGC,TACAGAG,TTT,1,0,0.4411764705882353,0.25,0.5652173913043478,0.5,0.75,0.42857142857142855,58.83913043478262,24.0,20.0,4.0,-9.36,-11.49,-7.33,-31.3,0,0,1,0,0,1,0,0,1,0,0,0,1,0,0,0,1,0,0,1,0,0,0,0,0,0,1,0,0,1,0,0,0,0,1,0,0,0,1,0,1,0,0,66.76790249276799,-66.55513653532118,66.55513653532118,1
GCGTTTTGCCCACTTCCCAGGCTTGGCCTCGGAG,0.0,GCGT,TTTG,CCCACTTCCCAGGCTTGGCCTCG,CCCACTTC,CCAGGCTT,GGCCTCG,GAG,1,0,0.6470588235294118,0.25,0.6956521739130435,0.625,0.625,0.8571428571428571,64.18695652173913,26.0,26.0,0.0,-10.15,-10.93,-10.67,-35.04,0,0,0,0,0,1,0,0,1,0,0,0,1,0,0,0,1,0,0,0,1,0,0,1,0,0,0,0,1,0,0,0,0,0,1,0,0,0,1,0,1,0,0,51.34278220430384,-51.34278220430384,51.34278220430384,1
CAGTTTTGCCCAGCGCCGCCTTGGACCTGAGGTG,100.0,CAGT,TTTG,CCCAGCGCCGCCTTGGACCTGAG,CCCAGCGC,CGCCTTGG,ACCTGAG,GTG,1,1,0.6470588235294118,0.25,0.7391304347826086,0.875,0.75,0.5714285714285714,65.9695652173913,30.0,22.0,8.0,-13.06,-11.82,-8.59,-36.61,0,0,0,0,0,1,0,0,1,0,0,0,1,0,0,0,1,0,0,0,1,0,0,1,0,0,0,0,0,1,0,0,1,0,0,0,0,1,0,0,1,0,0,50.66042053470334,49.33957946529666,49.33957946529666,1
TGACTTTGCCCAGCTGGGCAGTGCCCACTTCTGG,0.5128205128205128,TGAC,TTTG,CCCAGCTGGGCAGTGCCCACTTC,CCCAGCTG,GGCAGTGC,CCACTTC,TGG,1,0,0.6176470588235294,0.25,0.6956521739130435,0.75,0.75,0.5714285714285714,64.18695652173913,28.0,22.0,6.0,-11.38,-11.940000000000001,-8.31,-35.31,0,0,0,0,0,1,0,0,1,0,0,0,1,0,0,0,1,0,0,0,1,0,0,1,0,0,0,0,0,1,0,0,1,0,0,0,0,0,1,0,0,1,0,56.85763619805814,-56.34481568523763,56.34481568523763,1
ATCCTTTGCCCATGTGGATCTGTGGCAGTCAGCT,0.1310615989515072,ATCC,TTTG,CCCATGTGGATCTGTGGCAGTCA,CCCATGTG,GATCTGTG,GCAGTCA,GCT,1,0,0.5294117647058824,0.25,0.5652173913043478,0.625,0.5,0.5714285714285714,58.83913043478262,26.0,22.0,4.0,-10.35,-9.1,-9.16,-32.29,0,0,0,0,0,1,0,0,1,0,0,0,1,0,0,0,1,0,0,0,1,0,0,1,0,0,0,0,0,0,1,0,0,1,0,0,0,0,1,0,0,1,0,53.886836100858105,-53.7557745019066,53.7557745019066,1
ACTGTTTGCCCCTCATCTCCCCACGAAGCTTCCC,7.865168539325842,ACTG,TTTG,CCCCTCATCTCCCCACGAAGCTT,CCCCTCAT,CTCCCCAC,GAAGCTT,CCC,1,0,0.5882352941176471,0.25,0.6086956521739131,0.625,0.75,0.42857142857142855,60.62173913043479,26.0,20.0,6.0,-10.43,-10.99,-8.1,-32.99,0,0,0,0,0,1,0,0,1,0,0,0,1,0,0,0,1,0,0,0,1,0,0,0,1,0,0,0,0,0,1,0,1,0,0,1,0,0,0,0,0,0,1,62.87996848295421,-55.01479994362837,55.01479994362837,1
CGATTTTGCCCCTGGAGATTTTCATCACCTCTTC,81.24866822927764,CGAT,TTTG,CCCCTGGAGATTTTCATCACCTC,CCCCTGGA,GATTTTCA,TCACCTC,TTC,1,1,0.47058823529411764,0.25,0.5217391304347826,0.75,0.25,0.5714285714285714,57.056521739130446,28.0,22.0,6.0,-11.39,-7.93,-8.61,-30.09,1,0,0,0,0,1,0,0,1,0,0,0,1,0,0,0,1,0,0,0,1,0,0,0,1,0,0,0,0,0,1,0,0,1,0,0,0,1,0,1,0,0,0,32.50061473414829,48.74805349512935,48.74805349512935,1
CGTCTTTGCCCGGGAGCCATTTGTGGCCCAGTTC,14.927344782034346,CGTC,TTTG,CCCGGGAGCCATTTGTGGCCCAG,CCCGGGAG,CCATTTGT,GGCCCAG,TTC,1,0,0.6176470588235294,0.25,0.6956521739130435,0.875,0.375,0.8571428571428571,64.18695652173913,30.0,26.0,4.0,-12.11,-9.06,-10.49,-35.35,0,0,0,0,0,1,0,0,1,0,0,0,1,0,0,0,1,0,0,0,1,0,0,0,0,1,0,0,0,1,0,0,0,1,0,1,0,0,0,0,0,1,0,63.53538264993575,-48.6080378679014,48.6080378679014,1
AGCCTTTGCCGAGTCCCTGAGGGGTTTGCAGTTC,1.342281879194631,AGCC,TTTG,CCGAGTCCCTGAGGGGTTTGCAG,CCGAGTCC,CTGAGGGG,TTTGCAG,TTC,1,0,0.5882352941176471,0.25,0.6521739130434783,0.75,0.75,0.42857142857142855,62.40434782608696,28.0,20.0,8.0,-11.17,-10.83,-8.42,-33.7,0,0,1,0,0,1,0,0,1,0,0,0,1,0,0,0,1,0,0,0,0,1,0,1,0,0,0,0,0,1,0,0,0,0,1,0,1,0,0,0,1,0,0,50.28232025070946,-48.94003837151483,48.94003837151483,1
AGACTTTGCCGATGACGCGCGGACCCAAGAGCGA,0.0,AGAC,TTTG,CCGATGACGCGCGGACCCAAGAG,CCGATGAC,GCGCGGAC,CCAAGAG,CGA,1,0,0.6176470588235294,0.25,0.6956521739130435,0.625,0.875,0.5714285714285714,64.18695652173913,26.0,22.0,4.0,-10.38,-13.4,-8.15,-35.94,0,0,0,0,0,1,0,0,1,0,0,0,1,0,0,0,1,0,0,0,0,1,0,1,0,0,0,0,0,0,1,0,0,1,0,1,0,0,0,0,1,0,0,51.25033496852,-51.25033496852,51.25033496852,1
ACCCTTTGCCGCTGCTGTTGGCGATCTCGTCAGC,0.2136752136752137,ACCC,TTTG,CCGCTGCTGTTGGCGATCTCGTC,CCGCTGCT,GTTGGCGA,TCTCGTC,AGC,1,0,0.6176470588235294,0.25,0.6521739130434783,0.75,0.625,0.5714285714285714,62.40434782608696,28.0,22.0,6.0,-12.5,-11.44,-8.79,-35.06,0,0,0,0,0,1,0,0,1,0,0,0,1,0,0,0,1,0,0,0,0,1,0,0,1,0,0,0,0,0,1,0,0,1,0,0,1,0,0,0,0,0,1,51.88387770481359,-51.670202491138376,51.670202491138376,1
CATATTTGCCGTCTTTGTCATCACAGGCAAATGC,0.6802721088435374,CATA,TTTG,CCGTCTTTGTCATCACAGGCAAA,CCGTCTTT,GTCATCAC,AGGCAAA,TGC,1,0,0.4411764705882353,0.25,0.4782608695652174,0.5,0.5,0.42857142857142855,55.27391304347827,24.0,20.0,4.0,-10.03,-9.26,-8.81,-31.0,0,0,0,0,0,1,0,0,1,0,0,0,1,0,0,0,1,0,0,0,0,1,0,0,0,0,1,0,1,0,0,0,0,0,1,0,0,0,1,0,0,0,1,53.01428799304325,-52.33401588419971,52.33401588419971,1
CGGCTTTGCCTGCTCCAAGAATGCGCTTTGCGCT,0.0,CGGC,TTTG,CCTGCTCCAAGAATGCGCTTTGC,CCTGCTCC,AAGAATGC,GCTTTGC,GCT,1,0,0.5882352941176471,0.25,0.5652173913043478,0.75,0.375,0.5714285714285714,58.83913043478262,28.0,22.0,6.0,-11.23,-9.15,-9.21,-33.21,0,0,0,0,0,1,0,0,1,0,0,0,1,0,0,0,1,0,0,0,0,0,1,0,0,1,0,0,1,0,0,0,0,0,1,0,1,0,0,0,1,0,0,66.19239907723953,-66.19239907723953,66.19239907723953,1
CGTATTTGCCTTCCAGGTCAACAGTGTATTCTTG,0.0,CGTA,TTTG,CCTTCCAGGTCAACAGTGTATTC,CCTTCCAG,GTCAACAG,TGTATTC,TTG,1,0,0.4411764705882353,0.25,0.4782608695652174,0.625,0.5,0.2857142857142857,55.27391304347827,26.0,18.0,8.0,-9.99,-9.36,-6.65,-29.28,0,0,0,0,0,1,0,0,1,0,0,0,1,0,0,0,1,0,0,0,0,0,1,0,0,0,1,0,1,0,0,0,1,0,0,1,0,0,0,0,0,1,0,76.82326146884027,-76.82326146884027,76.82326146884027,1
TACCTTTGCCTTCTGTGGGGTCCCTGAGTGGGGG,0.4530011325028313,TACC,TTTG,CCTTCTGTGGGGTCCCTGAGTGG,CCTTCTGT,GGGGTCCC,TGAGTGG,GGG,1,0,0.6176470588235294,0.25,0.6521739130434783,0.5,0.875,0.5714285714285714,62.40434782608696,24.0,22.0,2.0,-9.59,-11.940000000000001,-8.76,-33.02,0,0,1,0,0,1,0,0,1,0,0,0,1,0,0,0,1,0,0,0,0,0,1,0,0,0,1,0,1,0,0,0,0,0,1,0,0,1,0,0,0,0,1,49.324763099827,-48.87176196732417,48.87176196732417,1
ATTCTTTGCGAGCCTTCACCCGGACATTCATTGC,0.2652519893899204,ATTC,TTTG,CGAGCCTTCACCCGGACATTCAT,CGAGCCTT,CACCCGGA,CATTCAT,TGC,1,0,0.5,0.25,0.5652173913043478,0.625,0.75,0.2857142857142857,58.83913043478262,26.0,18.0,8.0,-11.11,-11.88,-6.96,-32.69,0,0,0,0,0,1,0,0,0,0,0,0,1,0,0,0,0,1,0,1,0,0,0,0,0,1,0,0,1,0,0,0,1,0,0,0,0,0,1,0,0,0,1,56.86918289804049,-56.60393090865057,56.60393090865057,1
CCTGTTTGCGAGGCCCCCAGGCAGCACCAGGCAG,100.0,CCTG,TTTG,CGAGGCCCCCAGGCAGCACCAGG,CGAGGCCC,CCAGGCAG,CACCAGG,CAG,1,1,0.7058823529411765,0.25,0.782608695652174,0.875,0.75,0.7142857142857143,67.75217391304349,30.0,24.0,6.0,-12.51,-11.38,-9.3,-37.27,0,0,0,0,0,1,0,0,0,0,0,0,1,0,0,0,0,1,0,1,0,0,0,0,0,1,0,0,0,1,0,0,1,0,0,0,1,0,0,0,1,0,0,31.514740537007768,68.48525946299223,68.48525946299223,1
TGCCTTTGCGCCCATCTGTGTGGGCATCGTCTTC,0.0655307994757536,TGCC,TTTG,CGCCCATCTGTGTGGGCATCGTC,CGCCCATC,TGTGTGGG,CATCGTC,TTC,1,0,0.5882352941176471,0.25,0.6521739130434783,0.75,0.625,0.5714285714285714,62.40434782608696,28.0,22.0,6.0,-11.72,-10.91,-8.54,-34.69,0,0,0,0,0,1,0,0,0,0,0,0,1,0,0,0,0,1,0,0,1,0,0,0,1,0,0,0,1,0,0,1,0,0,0,0,0,0,1,0,1,0,0,49.52253378670108,-49.45700298722533,49.45700298722533,1
GTGGTTTGCGCCGCAGCCTGCAGAACCTCCTTGC,99.79338842975206,GTGG,TTTG,CGCCGCAGCCTGCAGAACCTCCT,CGCCGCAG,CCTGCAGA,ACCTCCT,TGC,1,1,0.6470588235294118,0.25,0.6956521739130435,0.875,0.625,0.5714285714285714,64.18695652173913,30.0,22.0,8.0,-13.39,-10.84,-8.98,-36.45,0,0,0,0,0,1,0,0,0,0,0,0,1,0,0,0,0,1,0,0,1,0,0,0,1,0,0,0,0,1,0,0,1,0,0,1,0,0,0,0,0,1,0,27.09094215682956,72.7024462729225,72.7024462729225,1
CAGCTTTGCGGAGCCTGGTGTTGGCTGAGAACAG,5.775577557755775,CAGC,TTTG,CGGAGCCTGGTGTTGGCTGAGAA,CGGAGCCT,GGTGTTGG,CTGAGAA,CAG,1,0,0.5882352941176471,0.25,0.6086956521739131,0.75,0.625,0.42857142857142855,60.62173913043479,28.0,20.0,8.0,-11.950000000000001,-10.46,-7.61,-33.71,0,0,0,0,0,1,0,0,0,0,0,0,1,0,0,0,0,1,0,0,0,1,0,1,0,0,0,0,0,1,0,0,1,0,0,0,1,0,0,0,0,0,1,55.46118088627121,-49.685603328515434,49.685603328515434,1
CACTTTTGCGGGCCTCGGACACCTTCTCGGCTGC,82.65832106038292,CACT,TTTG,CGGGCCTCGGACACCTTCTCGGC,CGGGCCTC,GGACACCT,TCTCGGC,TGC,1,1,0.6470588235294118,0.25,0.7391304347826086,0.875,0.625,0.7142857142857143,65.9695652173913,30.0,24.0,6.0,-12.51,-10.59,-10.13,-36.4,0,0,0,0,0,1,0,0,0,0,0,0,1,0,0,0,0,1,0,0,0,1,0,0,0,1,0,0,1,0,0,0,1,0,0,0,0,0,1,0,1,0,0,28.950140897804598,53.708180162578316,53.708180162578316,1
AGTATTTGCGGGGGCATGGGATCCCCTTCCAGGA,0.0,AGTA,TTTG,CGGGGGCATGGGATCCCCTTCCA,CGGGGGCA,TGGGATCC,CCTTCCA,GGA,1,0,0.5882352941176471,0.25,0.6956521739130435,0.875,0.625,0.5714285714285714,64.18695652173913,30.0,22.0,8.0,-13.22,-10.450000000000001,-8.71,-35.1,0,0,1,0,0,1,0,0,0,0,0,0,1,0,0,0,0,1,0,0,0,1,0,0,0,1,0,0,0,1,0,0,0,1,0,0,1,0,0,1,0,0,0,54.86699690054196,-54.86699690054196,54.86699690054196,1
CCATTTTGCGGTGCCCACGGATGCCCTCGGTGGC,80.91388400702988,CCAT,TTTG,CGGTGCCCACGGATGCCCTCGGT,CGGTGCCC,ACGGATGC,CCTCGGT,GGC,1,1,0.6764705882352942,0.25,0.7391304347826086,0.875,0.625,0.7142857142857143,65.9695652173913,30.0,24.0,6.0,-12.82,-11.32,-9.870000000000001,-37.3,0,0,0,0,0,1,0,0,0,0,0,0,1,0,0,0,0,1,0,0,0,1,0,0,0,0,1,0,0,1,0,0,1,0,0,0,1,0,0,0,1,0,0,31.489453781765924,49.424430225263954,49.424430225263954,1
CATTTTTGCTCAGGGGCTTGAAGGCAGAGGGCCG,100.0,CATT,TTTG,CTCAGGGGCTTGAAGGCAGAGGG,CTCAGGGG,CTTGAAGG,CAGAGGG,CCG,1,1,0.5882352941176471,0.25,0.6521739130434783,0.75,0.5,0.7142857142857143,62.40434782608696,28.0,24.0,4.0,-10.83,-9.15,-8.99,-33.45,0,0,1,0,0,1,0,0,0,0,0,0,1,0,0,0,0,0,1,0,1,0,0,1,0,0,0,0,0,1,0,0,0,1,0,0,0,1,0,0,0,1,0,45.651208182977356,54.348791817022644,54.348791817022644,1
GTTCTTTGCTCCATACCGCAGCGTGCTCCTTGGA,100.0,GTTC,TTTG,CTCCATACCGCAGCGTGCTCCTT,CTCCATAC,CGCAGCGT,GCTCCTT,GGA,1,1,0.5588235294117647,0.25,0.6086956521739131,0.5,0.75,0.5714285714285714,60.62173913043479,24.0,22.0,2.0,-8.77,-12.99,-8.940000000000001,-33.99,0,0,0,0,0,1,0,0,0,0,0,0,1,0,0,0,0,0,1,0,1,0,0,0,1,0,0,1,0,0,0,0,0,0,1,1,0,0,0,0,1,0,0,39.19718764576156,60.80281235423844,60.80281235423844,1
GAGCTTTGCTGAAACTCCCCCCACTTCCCCGGTA,0.7537688442211055,GAGC,TTTG,CTGAAACTCCCCCCACTTCCCCG,CTGAAACT,CCCCCCAC,TTCCCCG,GTA,1,0,0.5882352941176471,0.25,0.6521739130434783,0.375,0.875,0.7142857142857143,62.40434782608696,22.0,24.0,-2.0,-8.75,-12.09,-9.99,-33.410000000000004,0,0,0,0,0,1,0,0,0,0,0,0,1,0,0,0,0,0,1,0,0,1,0,1,0,0,0,1,0,0,0,1,0,0,0,0,1,0,0,0,0,0,1,62.79598939912604,-62.04222055490494,62.04222055490494,1
GCAGTTTGCTGAGGATGCTGCGGTGGCCGCGGCG,91.06967615309128,GCAG,TTTG,CTGAGGATGCTGCGGTGGCCGCG,CTGAGGAT,GCTGCGGT,GGCCGCG,GCG,1,1,0.7058823529411765,0.25,0.7391304347826086,0.5,0.75,1.0,65.9695652173913,24.0,28.0,-4.0,-9.33,-12.66,-12.5,-37.39,0,0,0,0,0,1,0,0,0,0,0,0,1,0,0,0,0,0,1,0,0,1,0,1,0,0,0,0,0,1,0,0,0,1,0,1,0,0,0,0,0,0,1,36.16659116062268,54.9030849924686,54.9030849924686,1
TAAATTTGCTGCACCTCCTCCCTGCACCAACCTC,96.05633802816902,TAAA,TTTG,CTGCACCTCCTCCCTGCACCAAC,CTGCACCT,CCTCCCTG,CACCAAC,CTC,1,1,0.5294117647058824,0.25,0.6521739130434783,0.625,0.75,0.5714285714285714,62.40434782608696,26.0,22.0,4.0,-10.98,-10.83,-8.62,-33.97,0,0,0,0,0,1,0,0,0,0,0,0,1,0,0,0,0,0,1,0,0,1,0,0,1,0,0,1,0,0,0,0,1,0,0,0,1,0,0,0,0,0,1,47.14884613010499,48.90749189806403,48.90749189806403,1
AGCCTTTGCTGCAGGTAAGGACTCTGGACTGGAC,0.0718562874251497,AGCC,TTTG,CTGCAGGTAAGGACTCTGGACTG,CTGCAGGT,AAGGACTC,TGGACTG,GAC,1,0,0.5588235294117647,0.25,0.5652173913043478,0.625,0.5,0.5714285714285714,58.83913043478262,26.0,22.0,4.0,-10.98,-9.44,-8.76,-31.04,0,0,0,0,0,1,0,0,0,0,0,0,1,0,0,0,0,0,1,0,0,1,0,0,1,0,0,1,0,0,0,0,0,1,0,0,0,1,0,0,0,0,1,51.41915588878627,-51.34729960136112,51.34729960136112,1
GCTGTTTGCTGCCATTGGTCCTGAAGAGGCCTGG,0.0,GCTG,TTTG,CTGCCATTGGTCCTGAAGAGGCC,CTGCCATT,GGTCCTGA,AGAGGCC,TGG,1,0,0.5882352941176471,0.25,0.6086956521739131,0.5,0.625,0.7142857142857143,60.62173913043479,24.0,24.0,0.0,-10.14,-10.45,-9.780000000000001,-32.82,0,0,0,0,0,1,0,0,0,0,0,0,1,0,0,0,0,0,1,0,0,1,0,0,1,0,0,0,1,0,0,1,0,0,0,0,0,0,1,0,0,0,1,49.819269138201456,-49.819269138201456,49.819269138201456,1
ACCTTTTGCTGCCTGCTCATGGCAGAGGAAGCAG,4.263565891472868,ACCT,TTTG,CTGCCTGCTCATGGCAGAGGAAG,CTGCCTGC,TCATGGCA,GAGGAAG,CAG,1,0,0.5588235294117647,0.25,0.6086956521739131,0.75,0.5,0.5714285714285714,60.62173913043479,28.0,22.0,6.0,-11.780000000000001,-10.61,-8.0,-32.95,0,0,0,0,0,1,0,0,0,0,0,0,1,0,0,0,0,0,1,0,0,1,0,0,1,0,0,0,1,0,0,0,0,0,1,0,0,1,0,0,1,0,0,57.98300920845331,-53.719443316980446,53.719443316980446,1
AGAGTTTGCTGCGTGCCTACTCAGTGCCAGGCGC,100.0,AGAG,TTTG,CTGCGTGCCTACTCAGTGCCAGG,CTGCGTGC,CTACTCAG,TGCCAGG,CGC,1,1,0.6176470588235294,0.25,0.6521739130434783,0.75,0.5,0.7142857142857143,62.40434782608696,28.0,24.0,4.0,-12.27,-8.61,-10.1,-34.26,0,0,0,0,0,1,0,0,0,0,0,0,1,0,0,0,0,0,1,0,0,1,0,0,1,0,0,0,0,1,0,0,0,0,1,0,0,1,0,0,1,0,0,36.41666259139683,63.58333740860317,63.58333740860317,1
TCCCTTTGCTGGCCCCTGTGACAATCACTTTCTT,7.825203252032519,TCCC,TTTG,CTGGCCCCTGTGACAATCACTTT,CTGGCCCC,TGTGACAA,TCACTTT,CTT,1,0,0.5,0.25,0.5217391304347826,0.875,0.375,0.2857142857142857,57.056521739130446,30.0,18.0,12.0,-12.33,-9.53,-7.47,-31.490000000000002,0,0,0,0,0,1,0,0,0,0,0,0,1,0,0,0,0,0,1,0,0,1,0,0,0,1,0,0,1,0,0,0,1,0,0,0,1,0,0,0,1,0,0,67.33016105377243,-59.504957801739906,59.504957801739906,1
GGATTTTGCTGGGGTGCTGGTCGCGGATCTGCTG,100.0,GGAT,TTTG,CTGGGGTGCTGGTCGCGGATCTG,CTGGGGTG,CTGGTCGC,GGATCTG,CTG,1,1,0.6176470588235294,0.25,0.6956521739130435,0.75,0.75,0.5714285714285714,64.18695652173913,28.0,22.0,6.0,-11.14,-11.72,-8.05,-35.32,0,0,1,0,0,1,0,0,0,0,0,0,1,0,0,0,0,0,1,0,0,1,0,0,0,1,0,0,0,1,0,0,0,1,0,0,0,0,1,0,0,1,0,46.13143294020309,53.86856705979691,53.86856705979691,1
CCAGTTTGCTGTCTGTAGCTAAAAGCCACATCTT,100.0,CCAG,TTTG,CTGTCTGTAGCTAAAAGCCACAT,CTGTCTGT,AGCTAAAA,GCCACAT,CTT,1,1,0.4411764705882353,0.25,0.43478260869565216,0.5,0.25,0.5714285714285714,53.491304347826095,24.0,22.0,2.0,-9.64,-8.38,-9.3,-29.18,0,0,0,0,0,1,0,0,0,0,0,0,1,0,0,0,0,0,1,0,0,1,0,0,0,0,1,0,1,0,0,0,0,0,1,0,0,1,0,0,0,0,1,44.10406326049924,55.89593673950076,55.89593673950076,1
CATCTTTGCTGTGGCTCACAGATTGTTCCTCCCA,0.9067357512953368,CATC,TTTG,CTGTGGCTCACAGATTGTTCCTC,CTGTGGCT,CACAGATT,GTTCCTC,CCA,1,0,0.5,0.25,0.5217391304347826,0.625,0.375,0.5714285714285714,57.056521739130446,26.0,22.0,4.0,-10.98,-8.8,-8.16,-30.69,0,0,0,0,0,1,0,0,0,0,0,0,1,0,0,0,0,0,1,0,0,1,0,0,0,0,1,0,0,1,0,0,0,1,0,0,1,0,0,0,0,0,1,60.849733980874966,-59.94299822957963,59.94299822957963,1
TGGTTTTGCTTAGACCAGGATCAGTTGACTCTTG,24.37673130193906,TGGT,TTTG,CTTAGACCAGGATCAGTTGACTC,CTTAGACC,AGGATCAG,TTGACTC,TTG,1,1,0.4411764705882353,0.25,0.4782608695652174,0.5,0.5,0.42857142857142855,55.27391304347827,24.0,20.0,4.0,-8.72,-9.33,-7.77,-28.71,0,0,0,0,0,1,0,0,0,0,0,0,1,0,0,0,0,0,1,0,0,0,1,1,0,0,0,0,0,1,0,1,0,0,0,0,1,0,0,0,1,0,0,74.79964211088112,-50.42291080894206,50.42291080894206,1
GCAGTTTGCTTCCCGCAGATCCCGCTTCGGTACT,100.0,GCAG,TTTG,CTTCCCGCAGATCCCGCTTCGGT,CTTCCCGC,AGATCCCG,CTTCGGT,ACT,1,1,0.5882352941176471,0.25,0.6521739130434783,0.75,0.625,0.5714285714285714,62.40434782608696,28.0,22.0,6.0,-11.67,-10.61,-9.03,-35.0,0,0,0,0,0,1,0,0,0,0,0,0,1,0,0,0,0,0,1,0,0,0,1,0,1,0,0,0,1,0,0,0,1,0,0,0,0,1,0,0,1,0,0,43.14525339954561,56.85474660045439,56.85474660045439,1
AGTGTTTGCTTCTCCTACACAAATGGCTGCCACC,100.0,AGTG,TTTG,CTTCTCCTACACAAATGGCTGCC,CTTCTCCT,ACACAAAT,GGCTGCC,ACC,1,1,0.5,0.25,0.5217391304347826,0.5,0.25,0.8571428571428571,57.056521739130446,24.0,26.0,-2.0,-9.280000000000001,-8.66,-10.89,-30.86,0,0,0,0,0,1,0,0,0,0,0,0,1,0,0,0,0,0,1,0,0,0,1,0,1,0,0,0,0,0,1,0,1,0,0,0,1,0,0,0,0,0,1,36.94390176177471,63.05609823822529,63.05609823822529,1
CCATTTTGCTTGCCATGTGCCACCTCTGTTGAAG,0.0,CCAT,TTTG,CTTGCCATGTGCCACCTCTGTTG,CTTGCCAT,GTGCCACC,TCTGTTG,AAG,1,0,0.5,0.25,0.5652173913043478,0.5,0.75,0.42857142857142855,58.83913043478262,24.0,20.0,4.0,-10.14,-11.7,-7.92,-32.49,0,0,0,0,0,1,0,0,0,0,0,0,1,0,0,0,0,0,1,0,0,0,1,0,0,1,0,0,1,0,0,0,1,0,0,1,0,0,0,0,0,0,1,59.620207843644216,-59.620207843644216,59.620207843644216,1
ATCCTTTGCTTGTAGACATGGTCCCATTCCATAG,21.19402985074627,ATCC,TTTG,CTTGTAGACATGGTCCCATTCCA,CTTGTAGA,CATGGTCC,CATTCCA,TAG,1,1,0.4411764705882353,0.25,0.4782608695652174,0.375,0.625,0.42857142857142855,55.27391304347827,22.0,20.0,2.0,-8.33,-10.2,-7.92,-29.73,0,0,0,0,0,1,0,0,0,0,0,0,1,0,0,0,0,0,1,0,0,0,1,0,0,1,0,0,0,0,1,1,0,0,0,0,0,1,0,1,0,0,0,70.4741217241031,-49.28009187335683,49.28009187335683,1
TCCCTTTGGAAAACACGCTCCCCACGCTCAGTGA,0.0,TCCC,TTTG,GAAAACACGCTCCCCACGCTCAG,GAAAACAC,GCTCCCCA,CGCTCAG,TGA,1,0,0.5588235294117647,0.25,0.6086956521739131,0.375,0.75,0.7142857142857143,60.62173913043479,22.0,24.0,-2.0,-8.629999999999999,-11.790000000000001,-9.72,-33.75,0,0,0,0,0,1,0,0,0,0,1,0,0,1,0,1,0,0,0,1,0,0,0,1,0,0,0,1,0,0,0,0,1,0,0,1,0,0,0,0,1,0,0,59.44889302536148,-59.44889302536148,59.44889302536148,1
ATGCTTTGGAAACAGCCACTGGTGGCTTTGTCTT,28.235294117647054,ATGC,TTTG,GAAACAGCCACTGGTGGCTTTGT,GAAACAGC,CACTGGTG,GCTTTGT,CTT,1,1,0.47058823529411764,0.25,0.5217391304347826,0.5,0.625,0.42857142857142855,57.056521739130446,24.0,20.0,4.0,-9.71,-10.35,-8.41,-32.15,0,0,0,0,0,1,0,0,0,0,1,0,0,1,0,1,0,0,0,1,0,0,0,1,0,0,0,0,1,0,0,1,0,0,0,0,0,1,0,0,1,0,0,75.9931332908577,-47.75783917321064,47.75783917321064,1
AAATTTTGGAACAACTTAAATACATCGGGTGTGT,95.50173010380622,AAAT,TTTG,GAACAACTTAAATACATCGGGTG,GAACAACT,TAAATACA,TCGGGTG,TGT,1,1,0.3235294117647059,0.25,0.391304347826087,0.375,0.125,0.7142857142857143,51.70869565217392,22.0,24.0,-2.0,-8.91,-6.93,-10.04,-27.759999999999998,0,0,0,0,0,1,0,0,0,0,1,0,0,1,0,1,0,0,0,1,0,0,0,0,1,0,0,1,0,0,0,1,0,0,0,0,1,0,0,0,0,0,1,44.603998892789015,50.89773121101721,50.89773121101721,1
TGGCTTTGGAAGCAATTTTGTCTGCATTTTTCGT,0.1466275659824047,TGGC,TTTG,GAAGCAATTTTGTCTGCATTTTT,GAAGCAAT,TTTGTCTG,CATTTTT,CGT,1,0,0.38235294117647056,0.25,0.30434782608695654,0.375,0.375,0.14285714285714285,48.14347826086957,22.0,16.0,6.0,-9.15,-8.92,-6.33,-27.64,1,1,0,0,0,1,0,0,0,0,1,0,0,1,0,1,0,0,0,1,0,0,0,0,0,1,0,0,1,0,0,1,0,0,0,1,0,0,0,0,0,0,1,51.48449705500329,-51.33786948902088,51.33786948902088,1
TGTGTTTGGAAGGTGGAGTGAGCGCCCGGTGGGC,9.30930930930931,TGTG,TTTG,GAAGGTGGAGTGAGCGCCCGGTG,GAAGGTGG,AGTGAGCG,CCCGGTG,GGC,1,0,0.6470588235294118,0.25,0.6956521739130435,0.625,0.625,0.8571428571428571,64.18695652173913,26.0,26.0,0.0,-10.15,-11.16,-10.58,-35.43,0,0,0,0,0,1,0,0,0,0,1,0,0,1,0,1,0,0,0,1,0,0,0,0,0,1,0,0,0,1,0,0,0,0,1,0,0,1,0,0,0,1,0,62.00855991851539,-52.699250609206075,52.699250609206075,1
TCATTTTGGAATCCATGTATTTGCACTTTTCAAC,100.0,TCAT,TTTG,GAATCCATGTATTTGCACTTTTC,GAATCCAT,GTATTTGC,ACTTTTC,AAC,1,1,0.3235294117647059,0.25,0.34782608695652173,0.375,0.375,0.2857142857142857,49.92608695652175,22.0,18.0,4.0,-8.65,-8.59,-7.02,-27.16,1,0,0,0,0,1,0,0,0,0,1,0,0,1,0,1,0,0,0,1,0,0,0,0,0,0,1,0,1,0,0,0,1,0,0,1,0,0,0,0,0,0,1,29.93523976537785,70.06476023462216,70.06476023462216,1
TGCTTTTGGACCTATGCCTGAAGAAGTGATATTA,12.995594713656388,TGCT,TTTG,GACCTATGCCTGAAGAAGTGATA,GACCTATG,CCTGAAGA,AGTGATA,TTA,1,0,0.38235294117647056,0.25,0.43478260869565216,0.5,0.5,0.2857142857142857,53.491304347826095,24.0,18.0,6.0,-8.77,-9.45,-6.93,-28.39,0,0,0,0,0,1,0,0,0,0,1,0,0,1,0,1,0,0,0,0,1,0,0,0,1,0,0,0,0,0,1,1,0,0,0,0,0,0,1,0,0,1,0,68.93314728876113,-55.937552575104746,55.937552575104746,1
TGGCTTTGGACGTCTCGTTCATCTTGCACAACGC,0.2277904328018223,TGGC,TTTG,GACGTCTCGTTCATCTTGCACAA,GACGTCTC,GTTCATCT,TGCACAA,CGC,1,0,0.5294117647058824,0.25,0.4782608695652174,0.625,0.375,0.42857142857142855,55.27391304347827,26.0,20.0,6.0,-10.23,-8.65,-9.03,-31.08,0,0,0,0,0,1,0,0,0,0,1,0,0,1,0,1,0,0,0,0,1,0,0,0,0,1,0,0,0,0,1,0,1,0,0,0,0,0,1,0,1,0,0,63.91556779593018,-63.687777363128355,63.687777363128355,1
CACTTTTGGACTAGCAGCTGGCGTCTTTACCAGG,26.38888888888889,CACT,TTTG,GACTAGCAGCTGGCGTCTTTACC,GACTAGCA,GCTGGCGT,CTTTACC,AGG,1,1,0.5294117647058824,0.25,0.5652173913043478,0.5,0.75,0.42857142857142855,58.83913043478262,24.0,20.0,4.0,-9.57,-12.66,-7.14,-31.95,0,0,0,0,0,1,0,0,0,0,1,0,0,1,0,1,0,0,0,0,1,0,0,0,0,0,1,1,0,0,0,0,0,1,0,0,1,0,0,1,0,0,0,77.41520696633089,-51.026318077442,51.026318077442,1
GGAGTTTGGAGCAGGCGGCAGGGTCCAGGAGCAA,100.0,GGAG,TTTG,GAGCAGGCGGCAGGGTCCAGGAG,GAGCAGGC,GGCAGGGT,CCAGGAG,CAA,1,1,0.6470588235294118,0.25,0.7391304347826086,0.75,0.75,0.7142857142857143,65.9695652173913,28.0,24.0,4.0,-11.63,-11.93,-8.99,-36.02,0,0,0,0,0,1,0,0,0,0,1,0,0,1,0,1,0,0,0,0,0,1,0,0,1,0,0,1,0,0,0,0,0,1,0,0,0,1,0,0,1,0,0,50.5810442875716,49.4189557124284,49.4189557124284,1
TGAGTTTGGAGGAGGGCGGCGGGTCCGGCTTGCC,84.52830188679246,TGAG,TTTG,GAGGAGGGCGGCGGGTCCGGCTT,GAGGAGGG,CGGCGGGT,CCGGCTT,GCC,1,1,0.7058823529411765,0.25,0.782608695652174,0.75,0.875,0.7142857142857143,67.75217391304349,28.0,24.0,4.0,-10.68,-13.540000000000001,-10.370000000000001,-38.13,0,0,0,0,0,1,0,0,0,0,1,0,0,1,0,1,0,0,0,0,0,1,0,0,0,1,0,1,0,0,0,0,0,1,0,0,0,1,0,0,0,1,0,36.16813171156996,48.3601701752225,48.3601701752225,1
GGCCTTTGGAGGCCCCAAACTTTCTCCAGCCAAG,0.0,GGCC,TTTG,GAGGCCCCAAACTTTCTCCAGCC,GAGGCCCC,AAACTTTC,TCCAGCC,AAG,1,0,0.5882352941176471,0.25,0.6086956521739131,0.875,0.25,0.7142857142857143,60.62173913043479,30.0,24.0,6.0,-12.18,-8.02,-9.950000000000001,-32.88,0,0,0,0,0,1,0,0,0,0,1,0,0,1,0,1,0,0,0,0,0,1,0,0,0,1,0,0,1,0,0,0,1,0,0,0,1,0,0,0,1,0,0,67.45816164581406,-67.45816164581406,67.45816164581406,1
GCAATTTGGAGGGCTTCTTTGCCACCCTGGGCGG,100.0,GCAA,TTTG,GAGGGCTTCTTTGCCACCCTGGG,GAGGGCTT,CTTTGCCA,CCCTGGG,CGG,1,1,0.6176470588235294,0.25,0.6521739130434783,0.625,0.5,0.8571428571428571,62.40434782608696,26.0,26.0,0.0,-10.780000000000001,-10.26,-10.09,-33.870000000000005,0,0,0,0,0,1,0,0,0,0,1,0,0,1,0,1,0,0,0,0,0,1,0,0,0,1,0,0,0,1,0,0,1,0,0,0,0,0,1,0,0,0,1,51.74619584223683,48.25380415776317,48.25380415776317,1
GGCCTTTGGAGTGATTTCTGCTTTCTTGGCAGTG,0.0,GGCC,TTTG,GAGTGATTTCTGCTTTCTTGGCA,GAGTGATT,TCTGCTTT,CTTGGCA,GTG,1,0,0.5,0.25,0.43478260869565216,0.375,0.375,0.5714285714285714,53.491304347826095,22.0,22.0,0.0,-8.65,-9.55,-9.26,-29.76,0,0,0,0,0,1,0,0,0,0,1,0,0,1,0,1,0,0,0,0,0,1,0,0,0,0,1,0,0,1,0,1,0,0,0,0,0,0,1,0,0,0,1,65.1168435109568,-65.1168435109568,65.1168435109568,1
CCTCTTTGGAGTGCTCATCGAAGCCATCGGAGTG,19.463087248322147,CCTC,TTTG,GAGTGCTCATCGAAGCCATCGGA,GAGTGCTC,ATCGAAGC,CATCGGA,GTG,1,0,0.5588235294117647,0.25,0.5652173913043478,0.625,0.5,0.5714285714285714,58.83913043478262,26.0,22.0,4.0,-10.290000000000001,-10.17,-8.94,-32.69,0,0,0,0,0,1,0,0,0,0,1,0,0,1,0,1,0,0,0,0,0,1,0,0,0,0,1,0,0,1,0,0,1,0,0,0,0,0,1,0,1,0,0,68.28474762289956,-48.82166037457741,48.82166037457741,1
CTTCTTTGGATCCCTGGTCACCCTGACTTTTGTG,14.918414918414918,CTTC,TTTG,GATCCCTGGTCACCCTGACTTTT,GATCCCTG,GTCACCCT,GACTTTT,GTG,1,0,0.5,0.25,0.5217391304347826,0.625,0.625,0.2857142857142857,57.056521739130446,26.0,18.0,8.0,-9.89,-10.59,-7.02,-30.79,1,0,0,0,0,1,0,0,0,0,1,0,0,1,0,1,0,0,0,0,0,0,1,0,1,0,0,0,1,0,0,0,1,0,0,0,0,0,1,0,0,1,0,68.73518033809484,-53.81676541967992,53.81676541967992,1
CCAATTTGGATTGTGTAAATGAAGTGATTGGAAT,0.0,CCAA,TTTG,GATTGTGTAAATGAAGTGATTGG,GATTGTGT,AAATGAAG,TGATTGG,AAT,1,0,0.3235294117647059,0.25,0.34782608695652173,0.375,0.25,0.42857142857142855,49.92608695652175,22.0,20.0,2.0,-8.959999999999999,-7.91,-7.92,-26.81,0,0,0,0,0,1,0,0,0,0,1,0,0,1,0,1,0,0,0,0,0,0,1,0,0,0,1,0,0,1,0,0,0,0,1,0,0,1,0,0,0,0,1,61.523995316297466,-61.523995316297466,61.523995316297466,1
GACCTTTGGATTTGGCACATTGACCTGCTGGATC,0.0963855421686746,GACC,TTTG,GATTTGGCACATTGACCTGCTGG,GATTTGGC,ACATTGAC,CTGCTGG,ATC,1,0,0.5,0.25,0.5217391304347826,0.5,0.375,0.7142857142857143,57.056521739130446,24.0,24.0,0.0,-9.71,-8.959999999999999,-9.540000000000001,-31.5,0,0,0,0,0,1,0,0,0,0,1,0,0,1,0,1,0,0,0,0,0,0,1,0,0,0,1,0,0,0,1,0,0,1,0,0,0,1,0,0,1,0,0,58.41838183211154,-58.32199628994287,58.32199628994287,1
GGCCTTTGGCAACGGCACGGACGTGAACGTGTCC,0.0,GGCC,TTTG,GCAACGGCACGGACGTGAACGTG,GCAACGGC,ACGGACGT,GAACGTG,TCC,1,0,0.6470588235294118,0.25,0.6521739130434783,0.75,0.625,0.5714285714285714,62.40434782608696,28.0,22.0,6.0,-12.38,-11.8,-8.8,-35.88,0,0,0,0,0,1,0,0,0,0,0,0,0,1,0,0,1,0,0,1,0,0,0,1,0,0,0,0,1,0,0,0,0,1,0,0,0,1,0,0,1,0,0,54.93110960122642,-54.93110960122642,54.93110960122642,1
CTGTTTTGGCACTAATTCTTCTTGGTGATGACTC,0.0,CTGT,TTTG,GCACTAATTCTTCTTGGTGATGA,GCACTAAT,TCTTCTTG,GTGATGA,CTC,1,0,0.4117647058823529,0.25,0.391304347826087,0.375,0.375,0.42857142857142855,51.70869565217392,22.0,20.0,2.0,-8.870000000000001,-8.61,-7.82,-28.14,0,0,0,0,0,1,0,0,0,0,0,0,0,1,0,0,1,0,0,1,0,0,0,0,1,0,0,0,0,0,1,1,0,0,0,1,0,0,0,0,0,0,1,72.240291909592,-72.240291909592,72.240291909592,1
CGTGTTTGGCACTGTGTGCAAGTTCGCCTGTCCT,100.0,CGTG,TTTG,GCACTGTGTGCAAGTTCGCCTGT,GCACTGTG,TGCAAGTT,CGCCTGT,CCT,1,1,0.5588235294117647,0.25,0.5652173913043478,0.625,0.375,0.7142857142857143,58.83913043478262,26.0,24.0,2.0,-10.75,-9.86,-10.42,-33.77,0,0,0,0,0,1,0,0,0,0,0,0,0,1,0,0,1,0,0,1,0,0,0,0,1,0,0,0,0,0,1,0,0,1,0,0,0,0,1,0,0,1,0,52.27345233830237,47.72654766169763,47.72654766169763,1
AAGCTTTGGCAGAGGTTCCTGCCCGGCCTCCGGA,0.4444444444444444,AAGC,TTTG,GCAGAGGTTCCTGCCCGGCCTCC,GCAGAGGT,TCCTGCCC,GGCCTCC,GGA,1,0,0.6470588235294118,0.25,0.7391304347826086,0.625,0.75,0.8571428571428571,65.9695652173913,26.0,26.0,0.0,-10.83,-11.790000000000001,-10.34,-36.13,0,0,0,0,0,1,0,0,0,0,0,0,0,1,0,0,1,0,0,1,0,0,0,0,0,1,0,1,0,0,0,0,0,1,0,0,0,1,0,0,0,0,1,54.46717499245075,-54.02273054800631,54.02273054800631,1
CACTTTTGGCAGATTTCAGGGGTGTCTGAATAGC,12.442396313364055,CACT,TTTG,GCAGATTTCAGGGGTGTCTGAAT,GCAGATTT,CAGGGGTG,TCTGAAT,AGC,1,0,0.47058823529411764,0.25,0.4782608695652174,0.375,0.75,0.2857142857142857,55.27391304347827,22.0,18.0,4.0,-9.15,-11.14,-7.21,-30.240000000000002,0,0,1,0,0,1,0,0,0,0,0,0,0,1,0,0,1,0,0,1,0,0,0,0,0,1,0,1,0,0,0,0,0,0,1,0,0,0,1,0,0,0,1,64.07490467724303,-51.63250836387897,51.63250836387897,1
TCTGTTTGGCAGCCCAGCAGGCACCCGGCCTACC,0.338409475465313,TCTG,TTTG,GCAGCCCAGCAGGCACCCGGCCT,GCAGCCCA,GCAGGCAC,CCGGCCT,ACC,1,0,0.6764705882352942,0.25,0.782608695652174,0.75,0.75,0.8571428571428571,67.75217391304349,28.0,26.0,2.0,-12.34,-11.940000000000001,-11.21,-38.61,0,0,0,0,0,1,0,0,0,0,0,0,0,1,0,0,1,0,0,1,0,0,0,0,0,1,0,0,1,0,0,0,1,0,0,0,1,0,0,1,0,0,0,48.435779991596895,-48.09737051613158,48.09737051613158,1
CCAGTTTGGCAGTGCTGGGCCCTGAGTCCAGGTG,6.569343065693431,CCAG,TTTG,GCAGTGCTGGGCCCTGAGTCCAG,GCAGTGCT,GGGCCCTG,AGTCCAG,GTG,1,0,0.6470588235294118,0.25,0.6956521739130435,0.625,0.875,0.5714285714285714,64.18695652173913,26.0,22.0,4.0,-11.38,-12.33,-8.59,-35.050000000000004,0,0,0,0,0,1,0,0,0,0,0,0,0,1,0,0,1,0,0,1,0,0,0,0,0,1,0,0,0,0,1,0,0,1,0,0,1,0,0,0,0,0,1,67.72410271913238,-61.154759653438944,61.154759653438944,1
CGGCTTTGGCAGTGTGGGGAAGGCTTCCGGCAGC,99.8272884283247,CGGC,TTTG,GCAGTGTGGGGAAGGCTTCCGGC,GCAGTGTG,GGGAAGGC,TTCCGGC,AGC,1,1,0.6764705882352942,0.25,0.6956521739130435,0.625,0.75,0.7142857142857143,64.18695652173913,26.0,24.0,2.0,-10.75,-11.34,-10.39,-35.6,0,0,1,0,0,1,0,0,0,0,0,0,0,1,0,0,1,0,0,1,0,0,0,0,0,1,0,0,0,0,1,0,0,1,0,0,0,0,1,0,0,1,0,42.02120527506248,57.80608315326223,57.80608315326223,1
GTGGTTTGGCATCATAGTGCTGGGTCAGGAAGTG,8.717948717948717,GTGG,TTTG,GCATCATAGTGCTGGGTCAGGAA,GCATCATA,GTGCTGGG,TCAGGAA,GTG,1,0,0.5294117647058824,0.25,0.5217391304347826,0.375,0.75,0.42857142857142855,57.056521739130446,22.0,20.0,2.0,-8.78,-11.540000000000001,-8.17,-31.21,0,0,0,0,0,1,0,0,0,0,0,0,0,1,0,0,1,0,0,1,0,0,0,0,0,0,1,0,1,0,0,1,0,0,0,0,0,0,1,1,0,0,0,73.11813065048092,-64.4001819325322,64.4001819325322,1
TTTTTTTGGCATCTGCTGCTTTATCTTTTAAGCG,86.51162790697674,TTTT,TTTG,GCATCTGCTGCTTTATCTTTTAA,GCATCTGC,TGCTTTAT,CTTTTAA,GCG,1,1,0.35294117647058826,0.25,0.34782608695652173,0.625,0.25,0.14285714285714285,49.92608695652175,26.0,16.0,10.0,-10.84,-8.43,-5.86,-27.71,1,0,0,0,0,1,0,0,0,0,0,0,0,1,0,0,1,0,0,1,0,0,0,0,0,0,1,0,1,0,0,0,0,0,1,0,0,1,0,0,1,0,0,33.55512629464845,52.95650161232829,52.95650161232829,1
CAGGTTTGGCATGAGAGGGAGTGAAGGATGTGCC,19.294117647058822,CAGG,TTTG,GCATGAGAGGGAGTGAAGGATGT,GCATGAGA,GGGAGTGA,AGGATGT,GCC,1,0,0.5588235294117647,0.25,0.5217391304347826,0.5,0.625,0.42857142857142855,57.056521739130446,24.0,20.0,4.0,-9.9,-10.45,-8.19,-30.82,0,0,0,0,0,1,0,0,0,0,0,0,0,1,0,0,1,0,0,1,0,0,0,0,0,0,1,0,0,1,0,1,0,0,0,0,0,1,0,1,0,0,0,74.21451032654032,-54.920392679481495,54.920392679481495,1
CCAGTTTGGCATGGTGAATCCGCAGGCGCCCCGT,0.0,CCAG,TTTG,GCATGGTGAATCCGCAGGCGCCC,GCATGGTG,AATCCGCA,GGCGCCC,CGT,1,0,0.6470588235294118,0.25,0.6956521739130435,0.625,0.5,1.0,64.18695652173913,26.0,28.0,-2.0,-10.75,-10.88,-12.17,-36.38,0,0,0,0,0,1,0,0,0,0,0,0,0,1,0,0,1,0,0,1,0,0,0,0,0,0,1,0,0,1,0,0,0,1,0,0,0,0,1,0,0,1,0,48.78763644238874,-48.78763644238874,48.78763644238874,1
GGAGTTTGGCCAAGCGACCTGGTGTCTTCGCAGG,4.988913525498892,GGAG,TTTG,GCCAAGCGACCTGGTGTCTTCGC,GCCAAGCG,ACCTGGTG,TCTTCGC,AGG,1,0,0.6176470588235294,0.25,0.6521739130434783,0.75,0.625,0.5714285714285714,62.40434782608696,28.0,22.0,6.0,-12.22,-10.74,-9.290000000000001,-34.99,0,0,0,0,0,1,0,0,0,0,0,0,0,1,0,0,1,0,0,0,1,0,0,1,0,0,0,1,0,0,0,0,0,1,0,0,1,0,0,0,0,1,0,57.79726964737672,-52.80835612187783,52.80835612187783,1
GGCATTTGGCCATCGGGCTGAATTCCATGTTCAA,0.0,GGCA,TTTG,GCCATCGGGCTGAATTCCATGTT,GCCATCGG,GCTGAATT,CCATGTT,CAA,1,0,0.5,0.25,0.5217391304347826,0.75,0.375,0.42857142857142855,57.056521739130446,28.0,20.0,8.0,-11.72,-9.15,-8.06,-32.07,0,0,0,0,0,1,0,0,0,0,0,0,0,1,0,0,1,0,0,0,1,0,0,1,0,0,0,0,0,0,1,0,1,0,0,0,0,1,0,0,0,1,0,63.09914564757668,-63.09914564757668,63.09914564757668,1
GGTCTTTGGCCCACACATACAGCTTGGGGCTCAT,9.882747068676718,GGTC,TTTG,GCCCACACATACAGCTTGGGGCT,GCCCACAC,ATACAGCT,TGGGGCT,CAT,1,0,0.5588235294117647,0.25,0.6086956521739131,0.75,0.375,0.7142857142857143,60.62173913043479,28.0,24.0,4.0,-11.7,-9.15,-10.49,-33.79,0,0,1,0,0,1,0,0,0,0,0,0,0,1,0,0,1,0,0,0,1,0,0,0,1,0,0,1,0,0,0,0,1,0,0,1,0,0,0,0,1,0,0,58.80635699985136,-48.92360993117464,48.92360993117464,1
CCGCTTTGGCCGCTGCTGGATGCAGATCAGGACT,0.0,CCGC,TTTG,GCCGCTGCTGGATGCAGATCAGG,GCCGCTGC,TGGATGCA,GATCAGG,ACT,1,0,0.6176470588235294,0.25,0.6521739130434783,0.875,0.5,0.5714285714285714,62.40434782608696,30.0,22.0,8.0,-13.46,-10.61,-8.05,-34.68,0,0,0,0,0,1,0,0,0,0,0,0,0,1,0,0,1,0,0,0,1,0,0,0,0,1,0,0,1,0,0,0,0,0,1,0,0,1,0,0,1,0,0,64.3792502945181,-64.3792502945181,64.3792502945181,1
GACCTTTGGCCTGACCATCATGGCCACCTGGTAC,13.4029590948651,GACC,TTTG,GCCTGACCATCATGGCCACCTGG,GCCTGACC,ATCATGGC,CACCTGG,TAC,1,0,0.5882352941176471,0.25,0.6521739130434783,0.75,0.5,0.7142857142857143,62.40434782608696,28.0,24.0,4.0,-11.39,-10.040000000000001,-9.3,-34.02,0,0,0,0,0,1,0,0,0,0,0,0,0,1,0,0,1,0,0,0,1,0,0,0,0,0,1,0,0,1,0,1,0,0,0,0,1,0,0,0,1,0,0,68.28009458565236,-54.87713549078727,54.87713549078727,1
CCCCTTTGGCCTGGCTGCTCTGCTGGGTTGGTAA,0.273972602739726,CCCC,TTTG,GCCTGGCTGCTCTGCTGGGTTGG,GCCTGGCT,GCTCTGCT,GGGTTGG,TAA,1,0,0.6176470588235294,0.25,0.6956521739130435,0.75,0.625,0.7142857142857143,64.18695652173913,28.0,24.0,4.0,-12.17,-11.07,-9.41,-35.550000000000004,0,0,0,0,0,1,0,0,0,0,0,0,0,1,0,0,1,0,0,0,1,0,0,0,0,0,1,0,0,1,0,0,0,1,0,0,1,0,0,0,0,0,1,53.492947273809676,-53.21897467106995,53.21897467106995,1
TTGATTTGGCCTTCAGTGGCATCACGCCTTATGG,0.0,TTGA,TTTG,GCCTTCAGTGGCATCACGCCTTA,GCCTTCAG,TGGCATCA,CGCCTTA,TGG,1,0,0.5,0.25,0.5652173913043478,0.625,0.5,0.5714285714285714,58.83913043478262,26.0,22.0,4.0,-10.39,-10.61,-9.11,-32.99,0,0,0,0,0,1,0,0,0,0,0,0,0,1,0,0,1,0,0,0,1,0,0,0,0,0,1,0,0,0,1,0,1,0,0,1,0,0,0,0,0,1,0,66.58889187636512,-66.58889187636512,66.58889187636512,1
ATTTTTTGGCGGCGGGTCTGTGCTACGCGCTGCC,100.0,ATTT,TTTG,GCGGCGGGTCTGTGCTACGCGCT,GCGGCGGG,TCTGTGCT,ACGCGCT,GCC,1,1,0.6176470588235294,0.25,0.7391304347826086,1.0,0.5,0.7142857142857143,65.9695652173913,32.0,24.0,8.0,-14.34,-10.44,-11.540000000000001,-38.34,0,0,0,0,0,1,0,0,0,0,0,0,0,1,0,0,1,0,0,0,0,1,0,0,0,1,0,0,1,0,0,0,0,1,0,0,0,1,0,0,0,1,0,37.07858184902767,62.92141815097233,62.92141815097233,1
CTACTTTGGCGGCGTGGACTGCAGCTCATACCTA,0.0,CTAC,TTTG,GCGGCGTGGACTGCAGCTCATAC,GCGGCGTG,GACTGCAG,CTCATAC,CTA,1,0,0.5588235294117647,0.25,0.6521739130434783,0.875,0.625,0.42857142857142855,62.40434782608696,30.0,20.0,10.0,-13.55,-10.44,-6.93,-35.0,0,0,0,0,0,1,0,0,0,0,0,0,0,1,0,0,1,0,0,0,0,1,0,0,0,1,0,0,1,0,0,0,0,1,0,0,0,0,1,0,0,1,0,56.087364359671746,-56.087364359671746,56.087364359671746,1
GCCCTTTGGCGTTTGGGCAGATACAGGCATCAGC,8.982035928143713,GCCC,TTTG,GCGTTTGGGCAGATACAGGCATC,GCGTTTGG,GCAGATAC,AGGCATC,AGC,1,0,0.5882352941176471,0.25,0.5652173913043478,0.625,0.5,0.5714285714285714,58.83913043478262,26.0,22.0,4.0,-11.14,-9.17,-8.99,-32.59,0,0,0,0,0,1,0,0,0,0,0,0,0,1,0,0,1,0,0,0,0,1,0,0,0,0,1,0,0,0,1,0,0,0,1,0,0,1,0,0,0,1,0,59.006887976605995,-50.02485204846228,50.02485204846228,1
CAGCTTTGGCTCCCATCTCCTGGGGGCTCTGGCA,0.1201345506967804,CAGC,TTTG,GCTCCCATCTCCTGGGGGCTCTG,GCTCCCAT,CTCCTGGG,GGCTCTG,GCA,1,0,0.6470588235294118,0.25,0.6956521739130435,0.625,0.75,0.7142857142857143,64.18695652173913,26.0,24.0,2.0,-10.83,-10.83,-9.39,-34.19,0,0,1,0,0,1,0,0,0,0,0,0,0,1,0,0,1,0,0,0,0,0,1,0,1,0,0,0,1,0,0,0,1,0,0,1,0,0,0,0,0,0,1,52.17101281011259,-52.05087825941581,52.05087825941581,1
GGCCTTTGGCTTCTCTCCAGCATCTGCCCGTCTG,0.0,GGCC,TTTG,GCTTCTCTCCAGCATCTGCCCGT,GCTTCTCT,CCAGCATC,TGCCCGT,CTG,1,0,0.6176470588235294,0.25,0.6086956521739131,0.5,0.625,0.7142857142857143,60.62173913043479,24.0,24.0,0.0,-9.68,-10.44,-10.98,-33.68,0,0,0,0,0,1,0,0,0,0,0,0,0,1,0,0,1,0,0,0,0,0,1,0,0,0,1,0,1,0,0,0,0,0,1,0,1,0,0,0,0,0,1,51.780526515858,-51.780526515858,51.780526515858,1
GGCTTTTGGCTTGAGGCTGTGTAACTCGAGTCAG,0.3731343283582089,GGCT,TTTG,GCTTGAGGCTGTGTAACTCGAGT,GCTTGAGG,CTGTGTAA,CTCGAGT,CAG,1,0,0.5294117647058824,0.25,0.5217391304347826,0.625,0.375,0.5714285714285714,57.056521739130446,26.0,22.0,4.0,-10.39,-8.64,-8.77,-31.48,0,0,0,0,0,1,0,0,0,0,0,0,0,1,0,0,1,0,0,0,0,0,1,0,0,0,1,0,0,1,0,1,0,0,0,0,0,1,0,0,0,1,0,71.36084764515995,-70.98771331680175,70.98771331680175,1
AGTCTTTGGGACTTGCCCCATGTAGGGCCTCTCC,0.0,AGTC,TTTG,GGACTTGCCCCATGTAGGGCCTC,GGACTTGC,CCCATGTA,GGGCCTC,TCC,1,0,0.5882352941176471,0.25,0.6521739130434783,0.625,0.5,0.8571428571428571,62.40434782608696,26.0,26.0,0.0,-10.55,-9.48,-10.34,-33.49,0,0,0,0,0,1,0,0,0,1,0,0,0,1,0,0,0,1,0,1,0,0,0,0,1,0,0,0,0,0,1,0,0,0,1,0,0,1,0,0,1,0,0,57.856718578814466,-57.856718578814466,57.856718578814466,1
GAGCTTTGGGAGAGGCTTCCCCTCTCCTCATCAG,15.034965034965031,GAGC,TTTG,GGAGAGGCTTCCCCTCTCCTCAT,GGAGAGGC,TTCCCCTC,TCCTCAT,CAG,1,0,0.5882352941176471,0.25,0.6086956521739131,0.75,0.625,0.42857142857142855,60.62173913043479,28.0,20.0,8.0,-11.08,-10.4,-8.05,-32.09,0,0,0,0,0,1,0,0,0,1,0,0,0,1,0,0,0,1,0,1,0,0,0,0,0,1,0,1,0,0,0,0,0,1,0,0,0,1,0,0,1,0,0,73.94048525969717,-58.905520224732136,58.905520224732136,1
TTGGTTTGGGAGGCTTGAGGAGTGGCAGGAGTTT,16.91542288557214,TTGG,TTTG,GGAGGCTTGAGGAGTGGCAGGAG,GGAGGCTT,GAGGAGTG,GCAGGAG,TTT,1,0,0.5294117647058824,0.25,0.6521739130434783,0.625,0.625,0.7142857142857143,62.40434782608696,26.0,24.0,2.0,-10.780000000000001,-9.89,-9.39,-33.35,0,0,0,0,0,1,0,0,0,1,0,0,0,1,0,0,0,1,0,1,0,0,0,0,0,1,0,0,0,1,0,0,1,0,0,0,0,0,1,0,0,0,1,67.54827099434554,-50.6328481087734,50.6328481087734,1
TCGATTTGGGCAAACACATCTGCAATCTCATCCT,3.962264150943396,TCGA,TTTG,GGCAAACACATCTGCAATCTCAT,GGCAAACA,CATCTGCA,ATCTCAT,CCT,1,0,0.4411764705882353,0.25,0.43478260869565216,0.5,0.5,0.2857142857142857,53.491304347826095,24.0,18.0,6.0,-10.42,-10.05,-7.09,-30.0,0,0,0,0,0,1,0,0,0,1,0,0,0,1,0,0,0,1,0,0,1,0,0,1,0,0,0,1,0,0,0,1,0,0,0,0,1,0,0,1,0,0,0,68.9853440189821,-65.0230798680387,65.0230798680387,1
GATGTTTGGGCAATTGGCTGTGTCTTTGCTGAGC,0.6607929515418502,GATG,TTTG,GGCAATTGGCTGTGTCTTTGCTG,GGCAATTG,GCTGTGTC,TTTGCTG,AGC,1,0,0.5,0.25,0.5217391304347826,0.5,0.625,0.42857142857142855,57.056521739130446,24.0,20.0,4.0,-9.86,-10.6,-8.42,-32.0,0,0,0,0,0,1,0,0,0,1,0,0,0,1,0,0,0,1,0,0,1,0,0,1,0,0,0,1,0,0,0,0,0,0,1,0,0,0,1,0,0,1,0,60.70295059915338,-60.04215764761153,60.04215764761153,1
AGCTTTTGGGCATACAAGAACTGGGCTTCTCTCA,22.379603399433428,AGCT,TTTG,GGCATACAAGAACTGGGCTTCTC,GGCATACA,AGAACTGG,GCTTCTC,TCA,1,1,0.47058823529411764,0.25,0.5217391304347826,0.5,0.5,0.5714285714285714,57.056521739130446,24.0,22.0,2.0,-9.88,-9.59,-8.4,-30.71,0,0,0,0,0,1,0,0,0,1,0,0,0,1,0,0,0,1,0,0,1,0,0,1,0,0,0,0,0,0,1,1,0,0,0,0,1,0,0,1,0,0,0,75.86003368044247,-53.48043028100904,53.48043028100904,1
TGGTTTTGGGCCACAGTGAGGCCATTTGCTGGCA,0.1186239620403321,TGGT,TTTG,GGCCACAGTGAGGCCATTTGCTG,GGCCACAG,TGAGGCCA,TTTGCTG,GCA,1,0,0.5588235294117647,0.25,0.6086956521739131,0.75,0.625,0.42857142857142855,60.62173913043479,28.0,20.0,8.0,-11.540000000000001,-11.4,-8.42,-33.68,0,0,0,0,0,1,0,0,0,1,0,0,0,1,0,0,0,1,0,0,1,0,0,0,1,0,0,1,0,0,0,0,1,0,0,1,0,0,0,0,0,1,0,64.77642822850478,-64.65780426646445,64.65780426646445,1
CTACTTTGGGCCGGGGTGCTGGCAGGCATGCACC,100.0,CTAC,TTTG,GGCCGGGGTGCTGGCAGGCATGC,GGCCGGGG,TGCTGGCA,GGCATGC,ACC,1,1,0.6764705882352942,0.25,0.782608695652174,1.0,0.625,0.7142857142857143,67.75217391304349,32.0,24.0,8.0,-13.610000000000001,-11.950000000000001,-10.1,-38.38,0,0,1,0,0,1,0,0,0,1,0,0,0,1,0,0,0,1,0,0,1,0,0,0,1,0,0,0,0,1,0,0,0,1,0,0,0,1,0,0,0,1,0,28.265847918750193,71.7341520812498,71.7341520812498,1
ATCCTTTGGGCCTATTATGGTCATTTCTAAATTC,6.60377358490566,ATCC,TTTG,GGCCTATTATGGTCATTTCTAAA,GGCCTATT,ATGGTCAT,TTCTAAA,TTC,1,0,0.35294117647058826,0.25,0.34782608695652173,0.5,0.375,0.14285714285714285,49.92608695652175,24.0,16.0,8.0,-9.66,-9.24,-6.16,-26.64,0,0,0,0,0,1,0,0,0,1,0,0,0,1,0,0,0,1,0,0,1,0,0,0,1,0,0,0,0,0,1,1,0,0,0,0,0,0,1,0,0,0,1,71.07667584805816,-64.47290226315249,64.47290226315249,1
CCACTTTGGGCGTCGCCACTTTGGGCTTGGAGCC,0.0,CCAC,TTTG,GGCGTCGCCACTTTGGGCTTGGA,GGCGTCGC,CACTTTGG,GCTTGGA,GCC,1,0,0.6470588235294118,0.25,0.6521739130434783,0.875,0.5,0.5714285714285714,62.40434782608696,30.0,22.0,8.0,-13.4,-9.46,-9.11,-35.65,0,0,0,0,0,1,0,0,0,1,0,0,0,1,0,0,0,1,0,0,1,0,0,0,0,1,0,0,0,0,1,0,1,0,0,0,0,1,0,0,1,0,0,50.67919683489735,-50.67919683489735,50.67919683489735,1
AGGGTTTGGGGACCTGCGTCTTCAGGCCGCGCGC,100.0,AGGG,TTTG,GGGACCTGCGTCTTCAGGCCGCG,GGGACCTG,CGTCTTCA,GGCCGCG,CGC,1,1,0.7058823529411765,0.25,0.7391304347826086,0.75,0.5,1.0,65.9695652173913,28.0,28.0,0.0,-10.99,-9.94,-12.5,-36.95,0,0,0,0,0,1,0,0,0,1,0,0,0,1,0,0,0,1,0,0,0,1,0,1,0,0,0,0,1,0,0,0,1,0,0,0,0,0,1,0,0,1,0,39.33610899526809,60.66389100473191,60.66389100473191,1
GCCATTTGGGGAGCGTCCAAGGCGAGCTGCCTGG,95.58823529411764,GCCA,TTTG,GGGAGCGTCCAAGGCGAGCTGCC,GGGAGCGT,CCAAGGCG,AGCTGCC,TGG,1,1,0.6764705882352942,0.25,0.7391304347826086,0.75,0.75,0.7142857142857143,65.9695652173913,28.0,24.0,4.0,-12.11,-11.82,-10.33,-36.86,0,0,0,0,0,1,0,0,0,1,0,0,0,1,0,0,0,1,0,0,0,1,0,1,0,0,0,0,0,1,0,0,1,0,0,0,0,1,0,0,0,0,1,41.576507151797074,54.011728142320564,54.011728142320564,1
GCCCTTTGGGGAGCTGCTGACAGAGGATGACCTG,0.0,GCCC,TTTG,GGGAGCTGCTGACAGAGGATGAC,GGGAGCTG,CTGACAGA,GGATGAC,CTG,1,0,0.6176470588235294,0.25,0.6086956521739131,0.75,0.5,0.5714285714285714,60.62173913043479,28.0,22.0,6.0,-11.23,-9.5,-8.21,-32.46,0,0,0,0,0,1,0,0,0,1,0,0,0,1,0,0,0,1,0,0,0,1,0,1,0,0,0,0,0,1,0,0,1,0,0,0,0,0,1,0,0,1,0,66.75195476424568,-66.75195476424568,66.75195476424568,1
ACTCTTTGGGGAGTGTGTAGAGCTCTTGCTATCT,22.762148337595907,ACTC,TTTG,GGGAGTGTGTAGAGCTCTTGCTA,GGGAGTGT,GTAGAGCT,CTTGCTA,TCT,1,1,0.47058823529411764,0.25,0.5217391304347826,0.625,0.5,0.42857142857142855,57.056521739130446,26.0,20.0,6.0,-10.59,-9.4,-7.83,-30.57,0,0,0,0,0,1,0,0,0,1,0,0,0,1,0,0,0,1,0,0,0,1,0,1,0,0,0,0,0,1,0,0,0,0,1,0,0,1,0,0,0,0,1,71.72415118929567,-48.962002851699765,48.962002851699765,1
ATTCTTTGGGGATTTTGCCAGTACAGTGGTGCCT,77.24137931034483,ATTC,TTTG,GGGATTTTGCCAGTACAGTGGTG,GGGATTTT,GCCAGTAC,AGTGGTG,CCT,1,1,0.47058823529411764,0.25,0.5217391304347826,0.375,0.625,0.5714285714285714,57.056521739130446,22.0,22.0,0.0,-8.86,-10.27,-8.9,-30.93,1,0,0,0,0,1,0,0,0,1,0,0,0,1,0,0,0,1,0,0,0,1,0,1,0,0,0,0,0,0,1,0,0,0,1,0,0,0,1,0,0,0,1,19.20108097365937,58.04029833668545,58.04029833668545,1
CCAGTTTGGGGCCAAGAATGGTCATGAATTCATC,22.58064516129032,CCAG,TTTG,GGGCCAAGAATGGTCATGAATTC,GGGCCAAG,AATGGTCA,TGAATTC,ATC,1,1,0.47058823529411764,0.25,0.4782608695652174,0.75,0.375,0.2857142857142857,55.27391304347827,28.0,18.0,10.0,-11.49,-9.36,-6.93,-29.96,0,0,0,0,0,1,0,0,0,1,0,0,0,1,0,0,0,1,0,0,0,1,0,0,1,0,0,0,1,0,0,1,0,0,0,1,0,0,0,0,0,1,0,78.84475014779056,-56.26410498650024,56.26410498650024,1
GAATTTTGGGGCTGTGCTGCGTTCCGCACACTTC,92.12198221092758,GAAT,TTTG,GGGCTGTGCTGCGTTCCGCACAC,GGGCTGTG,CTGCGTTC,CGCACAC,TTC,1,1,0.5588235294117647,0.25,0.6956521739130435,0.75,0.625,0.7142857142857143,64.18695652173913,28.0,24.0,4.0,-11.540000000000001,-10.88,-10.19,-36.69,0,0,0,0,0,1,0,0,0,1,0,0,0,1,0,0,0,1,0,0,0,1,0,0,1,0,0,0,0,0,1,0,0,1,0,0,0,0,1,0,0,1,0,42.74383529918736,49.378146911740224,49.378146911740224,1
GGTCTTTGGGGGCTACCTGGCCTCTATAGTCAAG,0.0,GGTC,TTTG,GGGGCTACCTGGCCTCTATAGTC,GGGGCTAC,CTGGCCTC,TATAGTC,AAG,1,0,0.5588235294117647,0.25,0.6086956521739131,0.75,0.75,0.2857142857142857,60.62173913043479,28.0,18.0,10.0,-11.06,-11.23,-6.06,-31.470000000000002,0,0,1,0,0,1,0,0,0,1,0,0,0,1,0,0,0,1,0,0,0,1,0,0,0,1,0,0,1,0,0,0,0,0,1,1,0,0,0,0,1,0,0,72.10542837844946,-72.10542837844946,72.10542837844946,1
GCCCTTTGGGGGCTCAAGCCCGTGGTCTACCTGC,0.4065040650406504,GCCC,TTTG,GGGGCTCAAGCCCGTGGTCTACC,GGGGCTCA,AGCCCGTG,GTCTACC,TGC,1,0,0.6764705882352942,0.25,0.6956521739130435,0.75,0.75,0.5714285714285714,64.18695652173913,28.0,22.0,6.0,-11.790000000000001,-12.26,-7.88,-34.77,0,0,1,0,0,1,0,0,0,1,0,0,0,1,0,0,0,1,0,0,0,1,0,0,0,1,0,0,1,0,0,0,0,0,1,0,1,0,0,1,0,0,0,58.976962655583435,-58.570458590542785,58.570458590542785,1
GGCTTTTGGGGTCAGGGTGGTGGGTGCAGATGGC,0.0,GGCT,TTTG,GGGTCAGGGTGGTGGGTGCAGAT,GGGTCAGG,GTGGTGGG,TGCAGAT,GGC,1,0,0.6470588235294118,0.25,0.6521739130434783,0.75,0.75,0.42857142857142855,62.40434782608696,28.0,20.0,8.0,-10.99,-11.3,-8.6,-34.17,0,0,0,0,0,1,0,0,0,1,0,0,0,1,0,0,0,1,0,0,0,1,0,0,0,0,1,0,1,0,0,1,0,0,0,0,0,1,0,0,0,1,0,68.46544937146645,-68.46544937146645,68.46544937146645,1
CACCTTTGGGGTCCACCTGGGCCAGGTAGGTGAT,0.0,CACC,TTTG,GGGTCCACCTGGGCCAGGTAGGT,GGGTCCAC,CTGGGCCA,GGTAGGT,GAT,1,0,0.6176470588235294,0.25,0.6956521739130435,0.75,0.75,0.5714285714285714,64.18695652173913,28.0,22.0,6.0,-11.15,-11.940000000000001,-8.42,-34.63,0,0,0,0,0,1,0,0,0,1,0,0,0,1,0,0,0,1,0,0,0,1,0,0,0,0,1,0,1,0,0,0,1,0,0,1,0,0,0,0,1,0,0,61.38820760786654,-61.38820760786654,61.38820760786654,1
CTCCTTTGGGTAGCTGTGATTGGAGACTGGCTCA,14.957264957264956,CTCC,TTTG,GGTAGCTGTGATTGGAGACTGGC,GGTAGCTG,TGATTGGA,GACTGGC,TCA,1,0,0.5294117647058824,0.25,0.5652173913043478,0.625,0.375,0.7142857142857143,58.83913043478262,26.0,24.0,2.0,-10.11,-9.22,-9.55,-31.6,0,0,0,0,0,1,0,0,0,1,0,0,0,1,0,0,0,1,0,0,0,0,1,1,0,0,0,0,0,1,0,0,1,0,0,0,0,0,1,0,0,1,0,66.02784392670418,-51.070578969439225,51.070578969439225,1
CTCCTTTGGGTCTGGGACAGCCTGGTGTGTAGAA,0.0,CTCC,TTTG,GGTCTGGGACAGCCTGGTGTGTA,GGTCTGGG,ACAGCCTG,GTGTGTA,GAA,1,0,0.5588235294117647,0.25,0.6086956521739131,0.75,0.625,0.42857142857142855,60.62173913043479,28.0,20.0,8.0,-10.99,-10.98,-7.8,-32.910000000000004,0,0,0,0,0,1,0,0,0,1,0,0,0,1,0,0,0,1,0,0,0,0,1,0,1,0,0,0,0,0,1,0,0,1,0,0,0,1,0,0,0,1,0,66.15999166275974,-66.15999166275974,66.15999166275974,1
GGCCTTTGGGTGCGTGAAGTCTAGCACCGCGCCG,0.2304147465437788,GGCC,TTTG,GGTGCGTGAAGTCTAGCACCGCG,GGTGCGTG,AAGTCTAG,CACCGCG,CCG,1,0,0.6764705882352942,0.25,0.6521739130434783,0.75,0.375,0.8571428571428571,62.40434782608696,28.0,26.0,2.0,-12.03,-8.16,-11.31,-35.04,0,0,0,0,0,1,0,0,0,1,0,0,0,1,0,0,0,1,0,0,0,0,1,0,0,1,0,0,1,0,0,0,0,1,0,0,0,0,1,0,0,1,0,54.17080929848324,-53.94039455193946,53.94039455193946,1
CATCTTTGGGTTGGCCTCTGCCACCTAGTCCGCA,14.821591948764867,CATC,TTTG,GGTTGGCCTCTGCCACCTAGTCC,GGTTGGCC,TCTGCCAC,CTAGTCC,GCA,1,0,0.5882352941176471,0.25,0.6521739130434783,0.75,0.625,0.5714285714285714,62.40434782608696,28.0,22.0,6.0,-11.65,-11.0,-7.72,-33.49,0,0,0,0,0,1,0,0,0,1,0,0,0,1,0,0,0,1,0,0,0,0,1,0,0,0,1,0,0,1,0,0,0,1,0,0,1,0,0,0,1,0,0,72.74560513670899,-57.92401318794412,57.92401318794412,1
CGGTTTTGGTACACCATTTTCAGCAGTTTCATCT,92.30447511501464,CGGT,TTTG,GTACACCATTTTCAGCAGTTTCA,GTACACCA,TTTTCAGC,AGTTTCA,TCT,1,1,0.4117647058823529,0.25,0.391304347826087,0.5,0.375,0.2857142857142857,51.70869565217392,24.0,18.0,6.0,-9.64,-9.27,-7.47,-28.71,1,0,0,0,0,1,0,0,0,0,0,0,0,1,0,0,0,0,1,1,0,0,0,0,1,0,0,1,0,0,0,0,1,0,0,0,1,0,0,1,0,0,0,36.26679893666467,56.03767617834997,56.03767617834997,1
CGTCTTTGGTACATCCACATCTCCCTCCACTCGG,11.920529801324504,CGTC,TTTG,GTACATCCACATCTCCCTCCACT,GTACATCC,ACATCTCC,CTCCACT,CGG,1,0,0.5588235294117647,0.25,0.5217391304347826,0.5,0.5,0.5714285714285714,57.056521739130446,24.0,22.0,2.0,-8.93,-9.49,-8.59,-30.3,0,0,0,0,0,1,0,0,0,0,0,0,0,1,0,0,0,0,1,1,0,0,0,0,1,0,0,1,0,0,0,0,0,0,1,0,1,0,0,0,1,0,0,70.21199737873887,-58.291467577414366,58.291467577414366,1
CGAGTTTGGTAGGGCCATCAGGGCCCCAGCCCGC,0.2666666666666666,CGAG,TTTG,GTAGGGCCATCAGGGCCCCAGCC,GTAGGGCC,ATCAGGGC,CCCAGCC,CGC,1,0,0.7058823529411765,0.25,0.7391304347826086,0.75,0.625,0.8571428571428571,65.9695652173913,28.0,26.0,2.0,-11.06,-10.83,-10.49,-35.67,0,0,0,0,0,1,0,0,0,0,0,0,0,1,0,0,0,0,1,1,0,0,0,0,0,1,0,0,0,1,0,0,0,1,0,0,1,0,0,0,1,0,0,61.01680791932717,-60.750141252660505,60.750141252660505,1
GCACTTTGGTCAGCTGCTGGAGCTGGCCCTGACA,6.67420814479638,GCAC,TTTG,GTCAGCTGCTGGAGCTGGCCCTG,GTCAGCTG,CTGGAGCT,GGCCCTG,ACA,1,0,0.6176470588235294,0.25,0.6956521739130435,0.625,0.625,0.8571428571428571,64.18695652173913,26.0,26.0,0.0,-10.44,-10.67,-10.49,-35.29,0,0,0,0,0,1,0,0,0,0,0,0,0,1,0,0,0,0,1,0,1,0,0,1,0,0,0,0,0,1,0,0,1,0,0,0,0,0,1,0,0,1,0,59.030476138424206,-52.356267993627824,52.356267993627824,1
ACTGTTTGGTCAGTCTGCACCTGCAGCCTCGGGA,0.0,ACTG,TTTG,GTCAGTCTGCACCTGCAGCCTCG,GTCAGTCT,GCACCTGC,AGCCTCG,GGA,1,0,0.5882352941176471,0.25,0.6521739130434783,0.5,0.75,0.7142857142857143,62.40434782608696,24.0,24.0,0.0,-9.49,-11.940000000000001,-10.11,-34.44,0,0,0,0,0,1,0,0,0,0,0,0,0,1,0,0,0,0,1,0,1,0,0,1,0,0,0,0,0,1,0,0,0,0,1,0,1,0,0,0,0,0,1,57.63046750228765,-57.63046750228765,57.63046750228765,1
CTGATTTGGTGAGTGCATTTTCTACGCCACTGCT,77.21951219512195,CTGA,TTTG,GTGAGTGCATTTTCTACGCCACT,GTGAGTGC,ATTTTCTA,CGCCACT,GCT,1,1,0.47058823529411764,0.25,0.4782608695652174,0.625,0.125,0.7142857142857143,55.27391304347827,26.0,24.0,2.0,-10.6,-7.04,-10.42,-30.95,1,0,0,0,0,1,0,0,0,0,0,0,0,1,0,0,0,0,1,0,0,1,0,1,0,0,0,0,0,1,0,0,0,0,1,0,0,1,0,0,1,0,0,19.16752236126483,58.05198983385712,58.05198983385712,1
AAGCTTTGGTGCAAGAGCAGCCAGGTCCCTCAGT,21.782178217821784,AAGC,TTTG,GTGCAAGAGCAGCCAGGTCCCTC,GTGCAAGA,GCAGCCAG,GTCCCTC,AGT,1,1,0.5588235294117647,0.25,0.6521739130434783,0.5,0.75,0.7142857142857143,62.40434782608696,24.0,24.0,0.0,-10.16,-11.780000000000001,-9.0,-34.06,0,0,0,0,0,1,0,0,0,0,0,0,0,1,0,0,0,0,1,0,0,1,0,0,1,0,0,1,0,0,0,1,0,0,0,0,0,1,0,1,0,0,0,71.19023512274991,-49.40805690492813,49.40805690492813,1
CAGCTTTGGTGCACTTTCTTTCAACCACAGATGG,93.04059652029824,CAGC,TTTG,GTGCACTTTCTTTCAACCACAGA,GTGCACTT,TCTTTCAA,CCACAGA,TGG,1,1,0.47058823529411764,0.25,0.43478260869565216,0.5,0.25,0.5714285714285714,53.491304347826095,24.0,22.0,2.0,-10.3,-8.33,-8.76,-29.83,0,0,0,0,0,1,0,0,0,0,0,0,0,1,0,0,0,0,1,0,0,1,0,0,1,0,0,1,0,0,0,0,1,0,0,0,0,0,1,0,0,0,1,45.1675110623717,47.873085457926535,47.873085457926535,1
GGGCTTTGGTGCTCTGCTGAGCCCCCTTATTGCT,13.491603937463813,GGGC,TTTG,GTGCTCTGCTGAGCCCCCTTATT,GTGCTCTG,CTGAGCCC,CCTTATT,GCT,1,0,0.5882352941176471,0.25,0.5652173913043478,0.625,0.75,0.2857142857142857,58.83913043478262,26.0,18.0,8.0,-10.44,-11.23,-6.58,-32.33,0,0,0,0,0,1,0,0,0,0,0,0,0,1,0,0,0,0,1,0,0,1,0,0,1,0,0,0,0,0,1,0,1,0,0,0,0,0,1,0,0,1,0,68.1688025582621,-54.677198620798286,54.677198620798286,1
CTCCTTTGGTGCTGTTCTGGATTTCTTGTTTAAA,3.673769287288758,CTCC,TTTG,GTGCTGTTCTGGATTTCTTGTTT,GTGCTGTT,CTGGATTT,CTTGTTT,AAA,1,0,0.38235294117647056,0.25,0.391304347826087,0.5,0.375,0.2857142857142857,51.70869565217392,24.0,18.0,6.0,-10.3,-8.75,-7.17,-28.82,0,0,0,0,0,1,0,0,0,0,0,0,0,1,0,0,0,0,1,0,0,1,0,0,1,0,0,0,0,0,1,0,0,1,0,0,0,0,1,0,0,0,1,59.57798424614501,-55.90421495885625,55.90421495885625,1
GCAGTTTGGTTATGTGAGCCTTTTCTCCTGTGTT,84.3351548269581,GCAG,TTTG,GTTATGTGAGCCTTTTCTCCTGT,GTTATGTG,AGCCTTTT,CTCCTGT,GTT,1,1,0.4411764705882353,0.25,0.43478260869565216,0.375,0.375,0.5714285714285714,53.491304347826095,22.0,22.0,0.0,-8.24,-9.64,-8.59,-29.07,1,0,0,0,0,1,0,0,0,0,0,0,0,1,0,0,0,0,1,0,0,0,1,1,0,0,0,0,0,0,1,0,0,1,0,0,0,0,1,0,0,1,0,20.29981670020134,64.03533812675676,64.03533812675676,1
GAAGTTTGGTTCTTTGGTCTGCAGTACCAGGACA,100.0,GAAG,TTTG,GTTCTTTGGTCTGCAGTACCAGG,GTTCTTTG,GTCTGCAG,TACCAGG,ACA,1,1,0.47058823529411764,0.25,0.5217391304347826,0.375,0.625,0.5714285714285714,57.056521739130446,22.0,22.0,0.0,-8.47,-10.44,-8.43,-30.62,0,0,0,0,0,1,0,0,0,0,0,0,0,1,0,0,0,0,1,0,0,0,1,0,1,0,0,0,0,0,1,0,0,0,1,0,0,0,1,0,0,1,0,49.51844575702966,50.48155424297034,50.48155424297034,1
TTGTTTTGGTTTATATTCTTCTGGCACATGGCGA,16.459627329192546,TTGT,TTTG,GTTTATATTCTTCTGGCACATGG,GTTTATAT,TCTTCTGG,CACATGG,CGA,1,0,0.38235294117647056,0.25,0.391304347826087,0.125,0.5,0.5714285714285714,51.70869565217392,18.0,22.0,-4.0,-6.359999999999999,-9.45,-8.51,-27.56,0,0,0,0,0,1,0,0,0,0,0,0,0,1,0,0,0,0,1,0,0,0,1,0,0,0,1,1,0,0,0,0,0,0,1,1,0,0,0,0,0,0,1,67.9125793066245,-51.45295197743195,51.45295197743195,1
CTGATTTGGTTTCTAGTGAAGGCTCTTTCTGGCT,19.63636363636364,CTGA,TTTG,GTTTCTAGTGAAGGCTCTTTCTG,GTTTCTAG,TGAAGGCT,CTTTCTG,GCT,1,0,0.4411764705882353,0.25,0.43478260869565216,0.375,0.5,0.42857142857142855,53.491304347826095,22.0,20.0,2.0,-7.88,-10.39,-7.3100000000000005,-28.32,0,0,0,0,0,1,0,0,0,0,0,0,0,1,0,0,0,0,1,0,0,0,1,0,0,0,1,0,1,0,0,0,0,0,1,1,0,0,0,0,0,1,0,71.65580768143913,-52.01944404507549,52.01944404507549,1
CTGTTTTGTACACAGTTATCACCCCCATCTTGAA,2.793296089385475,CTGT,TTTG,TACACAGTTATCACCCCCATCTT,TACACAGT,TATCACCC,CCATCTT,GAA,1,0,0.4117647058823529,0.25,0.43478260869565216,0.375,0.5,0.42857142857142855,53.491304347826095,22.0,20.0,2.0,-9.08,-9.33,-7.75,-29.0,0,0,0,0,0,1,0,0,0,0,0,0,0,0,1,1,0,0,0,0,1,0,0,1,0,0,0,0,1,0,0,1,0,0,0,0,0,1,0,0,0,0,1,59.61380464202681,-56.82050855264133,56.82050855264133,1
TCCCTTTGTACCAGCCAGTTGGTGGTATCCATCC,0.0,TCCC,TTTG,TACCAGCCAGTTGGTGGTATCCA,TACCAGCC,AGTTGGTG,GTATCCA,TCC,1,0,0.5294117647058824,0.25,0.5217391304347826,0.625,0.5,0.42857142857142855,57.056521739130446,26.0,20.0,6.0,-10.67,-9.9,-7.49,-31.35,0,0,0,0,0,1,0,0,0,0,0,0,0,0,1,1,0,0,0,0,1,0,0,0,1,0,0,1,0,0,0,0,0,1,0,0,1,0,0,0,1,0,0,54.06709185444611,-54.06709185444611,54.06709185444611,1
CCCCTTTGTACCAGCTGTAGCCAAAAAGATGCTG,0.0,CCCC,TTTG,TACCAGCTGTAGCCAAAAAGATG,TACCAGCT,GTAGCCAA,AAAGATG,CTG,1,0,0.5,0.25,0.43478260869565216,0.5,0.5,0.2857142857142857,53.491304347826095,24.0,18.0,6.0,-10.11,-9.83,-6.91,-29.3,0,0,0,0,0,1,0,0,0,0,0,0,0,0,1,1,0,0,0,0,1,0,0,0,1,0,0,1,0,0,0,0,0,1,0,0,1,0,0,0,0,0,1,49.84885248058092,-49.84885248058092,49.84885248058092,1
TGGTTTTGTACCGGTTCTTCCGCACCAGCCCAGG,100.0,TGGT,TTTG,TACCGGTTCTTCCGCACCAGCCC,TACCGGTT,CTTCCGCA,CCAGCCC,AGG,1,1,0.5882352941176471,0.25,0.6521739130434783,0.5,0.625,0.8571428571428571,62.40434782608696,24.0,26.0,-2.0,-10.31,-11.280000000000001,-10.49,-34.82,0,0,0,0,0,1,0,0,0,0,0,0,0,0,1,1,0,0,0,0,1,0,0,0,1,0,0,0,0,1,0,0,0,1,0,0,0,0,1,0,0,0,1,27.107494937150776,72.89250506284922,72.89250506284922,1
TCAGTTTGTAGATTGGTGTCCAACTGGTTTCAAG,100.0,TCAG,TTTG,TAGATTGGTGTCCAACTGGTTTC,TAGATTGG,TGTCCAAC,TGGTTTC,AAG,1,1,0.4117647058823529,0.25,0.43478260869565216,0.375,0.5,0.42857142857142855,53.491304347826095,22.0,20.0,2.0,-8.33,-9.92,-8.03,-29.0,0,0,0,0,0,1,0,0,0,0,0,0,0,0,1,1,0,0,0,0,0,1,0,1,0,0,0,0,0,0,1,0,0,0,1,0,0,1,0,0,0,1,0,41.8518849631626,58.1481150368374,58.1481150368374,1
AAGATTTGTAGTCTCATGGTTTTCTGTGGGATTA,67.16981132075472,AAGA,TTTG,TAGTCTCATGGTTTTCTGTGGGA,TAGTCTCA,TGGTTTTC,TGTGGGA,TTA,1,1,0.35294117647058826,0.25,0.43478260869565216,0.375,0.375,0.5714285714285714,53.491304347826095,22.0,22.0,0.0,-8.63,-9.03,-9.32,-29.14,1,0,0,0,0,1,0,0,0,0,0,0,0,0,1,1,0,0,0,0,0,1,0,0,0,0,1,0,1,0,0,0,0,0,1,0,1,0,0,1,0,0,0,18.385501179909703,48.784310140845015,48.784310140845015,1
TGCTTTTGTAGTTGCCATCGCTGGTTCAGTTCGA,0.5555555555555556,TGCT,TTTG,TAGTTGCCATCGCTGGTTCAGTT,TAGTTGCC,ATCGCTGG,TTCAGTT,CGA,1,0,0.47058823529411764,0.25,0.4782608695652174,0.5,0.625,0.2857142857142857,55.27391304347827,24.0,18.0,6.0,-9.83,-11.16,-7.47,-31.35,0,0,0,0,0,1,0,0,0,0,0,0,0,0,1,1,0,0,0,0,0,1,0,0,0,0,1,0,0,0,1,0,0,1,0,0,1,0,0,0,1,0,0,51.17860095565297,-50.62304540009741,50.62304540009741,1
AACTTTTGTATCCATTGCTGCAGTCCAACCAGGT,100.0,AACT,TTTG,TATCCATTGCTGCAGTCCAACCA,TATCCATT,GCTGCAGT,CCAACCA,GGT,1,1,0.4411764705882353,0.25,0.4782608695652174,0.25,0.625,0.5714285714285714,55.27391304347827,20.0,22.0,-2.0,-7.93,-11.38,-9.02,-31.080000000000002,0,0,0,0,0,1,0,0,0,0,0,0,0,0,1,1,0,0,0,0,0,0,1,0,1,0,0,0,1,0,0,1,0,0,0,0,0,0,1,0,0,0,1,42.98031685503982,57.01968314496018,57.01968314496018,1
GCATTTTGTATCTTTCTAGGCAAGGTTCATAGGC,87.09677419354838,GCAT,TTTG,TATCTTTCTAGGCAAGGTTCATA,TATCTTTC,TAGGCAAG,GTTCATA,GGC,1,1,0.4117647058823529,0.25,0.34782608695652173,0.25,0.5,0.2857142857142857,49.92608695652175,20.0,18.0,2.0,-7.34,-9.67,-6.65,-26.78,0,0,0,0,0,1,0,0,0,0,0,0,0,0,1,1,0,0,0,0,0,0,1,0,1,0,0,0,0,0,1,0,0,0,1,0,0,0,1,0,1,0,0,31.3473669226419,55.74940727090649,55.74940727090649,1
CAAGTTTGTATTCTCCTGATGTCTTCAGGTAATT,100.0,CAAG,TTTG,TATTCTCCTGATGTCTTCAGGTA,TATTCTCC,TGATGTCT,TCAGGTA,ATT,1,1,0.35294117647058826,0.25,0.391304347826087,0.375,0.375,0.42857142857142855,51.70869565217392,22.0,20.0,2.0,-8.18,-9.1,-7.89,-27.45,0,0,0,0,0,1,0,0,0,0,0,0,0,0,1,1,0,0,0,0,0,0,1,0,0,0,1,0,1,0,0,0,0,0,1,0,1,0,0,0,1,0,0,43.139534173514605,56.860465826485395,56.860465826485395,1
CATGTTTGTCAACAGACCCGCCCTCGGAATCCTG,11.067708333333332,CATG,TTTG,TCAACAGACCCGCCCTCGGAATC,TCAACAGA,CCCGCCCT,CGGAATC,CTG,1,0,0.5588235294117647,0.25,0.6086956521739131,0.375,0.875,0.5714285714285714,60.62173913043479,22.0,22.0,0.0,-9.22,-13.05,-8.49,-33.5,0,0,0,0,0,1,0,0,0,0,0,0,0,0,1,0,1,0,0,1,0,0,0,1,0,0,0,0,1,0,0,1,0,0,0,0,0,1,0,1,0,0,0,63.391222098672415,-52.32351376533909,52.32351376533909,1
TGAATTTGTCAATGTTACTGGAATCCACAGTCTG,87.14285714285714,TGAA,TTTG,TCAATGTTACTGGAATCCACAGT,TCAATGTT,ACTGGAAT,CCACAGT,CTG,1,1,0.38235294117647056,0.25,0.391304347826087,0.25,0.375,0.5714285714285714,51.70869565217392,20.0,22.0,-2.0,-8.52,-9.19,-8.9,-28.49,0,0,0,0,0,1,0,0,0,0,0,0,0,0,1,0,1,0,0,1,0,0,0,1,0,0,0,0,0,0,1,0,0,1,0,0,0,0,1,0,0,0,1,28.051671986761566,59.09118515609558,59.09118515609558,1
GCGTTTTGTCATAGGTCACTTCACACACACGCAC,100.0,GCGT,TTTG,TCATAGGTCACTTCACACACACG,TCATAGGT,CACTTCAC,ACACACG,CAC,1,1,0.5,0.25,0.4782608695652174,0.375,0.5,0.5714285714285714,55.27391304347827,22.0,22.0,0.0,-8.77,-9.36,-9.39,-30.27,0,0,0,0,0,1,0,0,0,0,0,0,0,0,1,0,1,0,0,1,0,0,0,0,0,0,1,1,0,0,0,0,0,1,0,0,0,1,0,0,0,0,1,44.58225637806112,55.41774362193888,55.41774362193888,1
TCCTTTTGTCCCACTGGAACGACAGGTTCAGCTC,0.0,TCCT,TTTG,TCCCACTGGAACGACAGGTTCAG,TCCCACTG,GAACGACA,GGTTCAG,CTC,1,0,0.5294117647058824,0.25,0.5652173913043478,0.625,0.5,0.5714285714285714,58.83913043478262,26.0,22.0,4.0,-10.6,-10.1,-8.31,-32.13,0,0,0,0,0,1,0,0,0,0,0,0,0,0,1,0,1,0,0,0,1,0,0,0,1,0,0,1,0,0,0,0,1,0,0,0,0,0,1,0,0,1,0,49.28507317322893,-49.28507317322893,49.28507317322893,1
CTCCTTTGTCCCTTAGTTGCCTTCAGCTCAGTAC,100.0,CTCC,TTTG,TCCCTTAGTTGCCTTCAGCTCAG,TCCCTTAG,TTGCCTTC,AGCTCAG,TAC,1,1,0.5,0.25,0.5217391304347826,0.5,0.5,0.5714285714285714,57.056521739130446,24.0,22.0,2.0,-9.120000000000001,-10.11,-8.83,-30.95,0,0,0,0,0,1,0,0,0,0,0,0,0,0,1,0,1,0,0,0,1,0,0,0,1,0,0,0,0,0,1,0,0,0,1,1,0,0,0,0,0,1,0,44.91578227765788,55.08421772234212,55.08421772234212,1
TGCCTTTGTCCGGGCAGAGATGGAGTGGCTGGGT,0.0,TGCC,TTTG,TCCGGGCAGAGATGGAGTGGCTG,TCCGGGCA,GAGATGGA,GTGGCTG,GGT,1,0,0.6176470588235294,0.25,0.6521739130434783,0.75,0.5,0.7142857142857143,62.40434782608696,28.0,24.0,4.0,-12.68,-9.35,-9.7,-34.29,0,0,0,0,0,1,0,0,0,0,0,0,0,0,1,0,1,0,0,0,1,0,0,0,0,1,0,0,0,1,0,0,0,1,0,0,1,0,0,1,0,0,0,48.69805859480727,-48.69805859480727,48.69805859480727,1
CTTCTTTGTCCGTGACCTCTGCTCATCACAGCTG,12.06373292867982,CTTC,TTTG,TCCGTGACCTCTGCTCATCACAG,TCCGTGAC,CTCTGCTC,ATCACAG,CTG,1,0,0.5294117647058824,0.25,0.5652173913043478,0.625,0.625,0.42857142857142855,58.83913043478262,26.0,20.0,6.0,-10.94,-10.13,-7.8,-32.160000000000004,0,0,0,0,0,1,0,0,0,0,0,0,0,0,1,0,1,0,0,0,1,0,0,0,0,1,0,0,0,0,1,0,0,1,0,1,0,0,0,0,1,0,0,62.21993578249929,-50.15620285381947,50.15620285381947,1
TTGATTTGTCGGTCTGTGCTCTCCACACACACGT,100.0,TTGA,TTTG,TCGGTCTGTGCTCTCCACACACA,TCGGTCTG,TGCTCTCC,ACACACA,CGT,1,1,0.5,0.25,0.5652173913043478,0.625,0.625,0.42857142857142855,58.83913043478262,26.0,20.0,6.0,-10.78,-10.690000000000001,-8.67,-33.03,0,0,0,0,0,1,0,0,0,0,0,0,0,0,1,0,1,0,0,0,0,1,0,0,0,1,0,0,0,0,1,0,1,0,0,0,0,0,1,0,0,1,0,47.05249567571196,52.94750432428804,52.94750432428804,1
GTGCTTTGTCGGTGCTGATCTCAGTGGATGCTGT,2.840909090909091,GTGC,TTTG,TCGGTGCTGATCTCAGTGGATGC,TCGGTGCT,GATCTCAG,TGGATGC,TGT,1,0,0.5294117647058824,0.25,0.5652173913043478,0.625,0.5,0.5714285714285714,58.83913043478262,26.0,22.0,4.0,-11.72,-8.790000000000001,-9.16,-32.56,0,0,0,0,0,1,0,0,0,0,0,0,0,0,1,0,1,0,0,0,0,1,0,0,0,1,0,0,0,0,1,0,0,1,0,0,1,0,0,0,0,0,1,52.21253225185033,-49.37162316094123,49.37162316094123,1
ACCTTTTGTCTGCCCTGCGCCCTCTGCCAGATGG,94.28571428571428,ACCT,TTTG,TCTGCCCTGCGCCCTCTGCCAGA,TCTGCCCT,GCGCCCTC,TGCCAGA,TGG,1,1,0.6176470588235294,0.25,0.6956521739130435,0.625,0.875,0.5714285714285714,64.18695652173913,26.0,22.0,4.0,-11.23,-12.91,-9.56,-36.43,0,0,0,0,0,1,0,0,0,0,0,0,0,0,1,0,1,0,0,0,0,0,1,0,0,1,0,0,1,0,0,0,1,0,0,0,1,0,0,0,0,0,1,42.14382783440915,52.141886451305126,52.141886451305126,1
TCCCTTTGTCTGGAAACTTAGGCCCTGTCTCTTT,0.2597402597402597,TCCC,TTTG,TCTGGAAACTTAGGCCCTGTCTC,TCTGGAAA,CTTAGGCC,CTGTCTC,TTT,1,0,0.47058823529411764,0.25,0.5217391304347826,0.375,0.625,0.5714285714285714,57.056521739130446,22.0,22.0,0.0,-9.17,-10.06,-8.05,-30.560000000000002,0,0,0,0,0,1,0,0,0,0,0,0,0,0,1,0,1,0,0,0,0,0,1,0,0,1,0,0,0,1,0,1,0,0,0,1,0,0,0,1,0,0,0,72.83997324514446,-72.58023298540421,72.58023298540421,1
TCACTTTGTCTGTCCCCCGGCTGCCCATCCTGGA,100.0,TCAC,TTTG,TCTGTCCCCCGGCTGCCCATCCT,TCTGTCCC,CCGGCTGC,CCATCCT,GGA,1,1,0.6176470588235294,0.25,0.6956521739130435,0.625,0.875,0.5714285714285714,64.18695652173913,26.0,22.0,4.0,-10.45,-13.06,-8.59,-35.78,0,0,0,0,0,1,0,0,0,0,0,0,0,0,1,0,1,0,0,0,0,0,1,0,0,1,0,0,0,0,1,0,1,0,0,0,1,0,0,0,1,0,0,50.00795331896498,49.99204668103502,49.99204668103502,1
ACGGTTTGTGACAGGTACTTCTGGTTGTGGCTTT,96.58536585365852,ACGG,TTTG,TGACAGGTACTTCTGGTTGTGGC,TGACAGGT,ACTTCTGG,TTGTGGC,TTT,1,1,0.47058823529411764,0.25,0.5217391304347826,0.5,0.5,0.5714285714285714,57.056521739130446,24.0,22.0,2.0,-10.2,-9.59,-9.42,-31.23,0,0,0,0,0,1,0,0,0,0,0,0,0,0,1,0,0,1,0,1,0,0,0,0,1,0,0,1,0,0,0,0,0,1,0,0,0,1,0,0,0,0,1,43.76620467806992,52.8191611755886,52.8191611755886,1
AGTCTTTGTGATCACACATGCGTCCACATTGCCC,0.0,AGTC,TTTG,TGATCACACATGCGTCCACATTG,TGATCACA,CATGCGTC,CACATTG,CCC,1,0,0.5,0.25,0.4782608695652174,0.375,0.625,0.42857142857142855,55.27391304347827,22.0,20.0,2.0,-9.27,-10.93,-7.67,-31.15,0,0,0,0,0,1,0,0,0,0,0,0,0,0,1,0,0,1,0,1,0,0,0,0,0,0,1,0,1,0,0,1,0,0,0,0,1,0,0,1,0,0,0,63.65196455967601,-63.65196455967601,63.65196455967601,1
AAAATTTGTGCAGTGTTTAGCATTCTTGGGGAAT,84.11764705882354,AAAA,TTTG,TGCAGTGTTTAGCATTCTTGGGG,TGCAGTGT,TTAGCATT,CTTGGGG,AAT,1,1,0.35294117647058826,0.25,0.4782608695652174,0.5,0.25,0.7142857142857143,55.27391304347827,24.0,24.0,0.0,-10.75,-8.43,-9.25,-30.73,0,0,1,0,0,1,0,0,0,0,0,0,0,0,1,0,0,1,0,0,1,0,0,1,0,0,0,0,0,1,0,0,0,0,1,0,0,1,0,0,0,0,1,32.600817713884055,51.51682934493948,51.51682934493948,1
GACCTTTGTGCCCCCTACTATCAGTGCAGGAGGG,100.0,GACC,TTTG,TGCCCCCTACTATCAGTGCAGGA,TGCCCCCT,ACTATCAG,TGCAGGA,GGG,1,1,0.5882352941176471,0.25,0.5652173913043478,0.75,0.375,0.5714285714285714,58.83913043478262,28.0,22.0,6.0,-12.33,-8.21,-9.56,-32.12,0,0,0,0,0,1,0,0,0,0,0,0,0,0,1,0,0,1,0,0,1,0,0,0,1,0,0,0,1,0,0,0,1,0,0,0,1,0,0,0,0,0,1,39.7972828491811,60.2027171508189,60.2027171508189,1
GTGTTTTGTGCCTGGACTCGGGACGCCCGACAGC,89.52380952380953,GTGT,TTTG,TGCCTGGACTCGGGACGCCCGAC,TGCCTGGA,CTCGGGAC,GCCCGAC,AGC,1,1,0.6470588235294118,0.25,0.7391304347826086,0.625,0.75,0.8571428571428571,65.9695652173913,26.0,26.0,0.0,-11.4,-11.17,-10.83,-37.01,0,0,0,0,0,1,0,0,0,0,0,0,0,0,1,0,0,1,0,0,1,0,0,0,1,0,0,0,0,0,1,0,0,1,0,0,0,1,0,1,0,0,0,32.07600505835108,57.447804465458454,57.447804465458454,1
GTCCTTTGTGCCTTCCAGAGTGTGTTACATTCTA,99.67051070840198,GTCC,TTTG,TGCCTTCCAGAGTGTGTTACATT,TGCCTTCC,AGAGTGTG,TTACATT,CTA,1,1,0.4411764705882353,0.25,0.43478260869565216,0.625,0.5,0.14285714285714285,53.491304347826095,26.0,16.0,10.0,-10.950000000000001,-9.64,-6.35,-29.83,0,0,0,0,0,1,0,0,0,0,0,0,0,0,1,0,0,1,0,0,1,0,0,0,1,0,0,0,0,0,1,0,0,0,1,0,1,0,0,0,1,0,0,51.77000744213911,47.90050326626287,47.90050326626287,1
GCCTTTTGTGCTAGCTGTAGGTAGTTCTAACCCA,99.58592132505176,GCCT,TTTG,TGCTAGCTGTAGGTAGTTCTAAC,TGCTAGCT,GTAGGTAG,TTCTAAC,CCA,1,1,0.47058823529411764,0.25,0.43478260869565216,0.5,0.5,0.2857142857142857,53.491304347826095,24.0,18.0,6.0,-10.35,-8.44,-6.6,-28.28,0,0,0,0,0,1,0,0,0,0,0,0,0,0,1,0,0,1,0,0,1,0,0,0,0,0,1,1,0,0,0,0,0,1,0,0,1,0,0,0,0,0,1,51.32657111406202,48.25935021098974,48.25935021098974,1
GCAGTTTGTGCTGAAGCACACGGCCTTCGCCCAC,93.33333333333331,GCAG,TTTG,TGCTGAAGCACACGGCCTTCGCC,TGCTGAAG,CACACGGC,CTTCGCC,CAC,1,1,0.6176470588235294,0.25,0.6521739130434783,0.5,0.75,0.7142857142857143,62.40434782608696,24.0,24.0,0.0,-10.0,-12.03,-9.83,-35.94,0,0,0,0,0,1,0,0,0,0,0,0,0,0,1,0,0,1,0,0,1,0,0,0,0,0,1,0,0,1,0,1,0,0,0,1,0,0,0,0,0,1,0,40.933759400603805,52.39957393272951,52.39957393272951,1
CTTTTTTGTGGACTATGCTTCCAACTGCTTATAT,0.4484304932735426,CTTT,TTTG,TGGACTATGCTTCCAACTGCTTA,TGGACTAT,GCTTCCAA,CTGCTTA,TAT,1,0,0.35294117647058826,0.25,0.43478260869565216,0.375,0.5,0.42857142857142855,53.491304347826095,22.0,20.0,2.0,-8.77,-10.11,-7.83,-29.6,0,0,0,0,0,1,0,0,0,0,0,0,0,0,1,0,0,1,0,0,0,1,0,1,0,0,0,0,1,0,0,0,0,0,1,1,0,0,0,0,0,0,1,54.333962096590184,-53.88553160331664,53.88553160331664,1
CGGGTTTGTGGATGAAGCTGCCCTTCCGGATCCA,100.0,CGGG,TTTG,TGGATGAAGCTGCCCTTCCGGAT,TGGATGAA,GCTGCCCT,TCCGGAT,CCA,1,1,0.5882352941176471,0.25,0.5652173913043478,0.375,0.75,0.5714285714285714,58.83913043478262,22.0,22.0,0.0,-9.22,-12.17,-9.33,-33.0,0,0,0,0,0,1,0,0,0,0,0,0,0,0,1,0,0,1,0,0,0,1,0,1,0,0,0,0,0,0,1,0,0,1,0,1,0,0,0,1,0,0,0,39.37044957430443,60.62955042569557,60.62955042569557,1
CATGTTTGTGGATGGAGACCGGGCTGTGTGCGGC,88.19503849443969,CATG,TTTG,TGGATGGAGACCGGGCTGTGTGC,TGGATGGA,GACCGGGC,TGTGTGC,GGC,1,1,0.6176470588235294,0.25,0.6521739130434783,0.5,0.875,0.5714285714285714,62.40434782608696,24.0,22.0,2.0,-10.06,-12.67,-9.47,-34.76,0,0,0,0,0,1,0,0,0,0,0,0,0,0,1,0,0,1,0,0,0,1,0,1,0,0,0,0,0,0,1,0,0,1,0,0,0,1,0,1,0,0,0,38.88982847300532,49.30521002143436,49.30521002143436,1
GAGATTTGTGGCAAGAAGTCGACGTGTGTTCTGG,0.0,GAGA,TTTG,TGGCAAGAAGTCGACGTGTGTTC,TGGCAAGA,AGTCGACG,TGTGTTC,TGG,1,0,0.5,0.25,0.5217391304347826,0.5,0.625,0.42857142857142855,57.056521739130446,24.0,20.0,4.0,-10.56,-11.1,-8.08,-32.18,0,0,0,0,0,1,0,0,0,0,0,0,0,0,1,0,0,1,0,0,0,1,0,0,1,0,0,1,0,0,0,1,0,0,0,0,0,1,0,1,0,0,0,60.85823712555939,-60.85823712555939,60.85823712555939,1
GCAGTTTGTGGGGTTCTGCTGTCAGCACCACCAA,100.0,GCAG,TTTG,TGGGGTTCTGCTGTCAGCACCAC,TGGGGTTC,TGCTGTCA,GCACCAC,CAA,1,1,0.5588235294117647,0.25,0.6086956521739131,0.625,0.5,0.7142857142857143,60.62173913043479,26.0,24.0,2.0,-10.71,-10.61,-9.86,-33.74,0,0,1,0,0,1,0,0,0,0,0,0,0,0,1,0,0,1,0,0,0,1,0,0,0,1,0,0,0,1,0,0,0,0,1,0,0,0,1,0,1,0,0,30.0756199438417,69.9243800561583,69.9243800561583,1
TTCATTTGTGTTGCCATGGCAATCTTTAGTGCAC,0.5415162454873645,TTCA,TTTG,TGTTGCCATGGCAATCTTTAGTG,TGTTGCCA,TGGCAATC,TTTAGTG,CAC,1,0,0.4117647058823529,0.25,0.43478260869565216,0.5,0.5,0.2857142857142857,53.491304347826095,24.0,18.0,6.0,-10.870000000000001,-10.16,-6.75,-29.94,0,0,0,0,0,1,0,0,0,0,0,0,0,0,1,0,0,1,0,0,0,0,1,0,0,0,1,0,0,1,0,0,1,0,0,0,1,0,0,1,0,0,0,51.47179397103908,-50.93027772555171,50.93027772555171,1
ACCTTTTGTTACTGGTCTGACCCTGCTCCACTTC,84.68543046357617,ACCT,TTTG,TTACTGGTCTGACCCTGCTCCAC,TTACTGGT,CTGACCCT,GCTCCAC,TTC,1,1,0.5,0.25,0.5652173913043478,0.375,0.625,0.7142857142857143,58.83913043478262,22.0,24.0,-2.0,-9.03,-10.43,-9.55,-31.76,0,0,0,0,0,1,0,1,0,0,0,0,0,0,1,0,0,0,1,1,0,0,0,0,1,0,0,0,0,0,1,0,0,1,0,0,0,1,0,0,0,0,1,33.90571005436376,50.77972040921241,50.77972040921241,1
CAAGTTTGTTAGATTCCATCAGTGTTTTTAAGGA,100.0,CAAG,TTTG,TTAGATTCCATCAGTGTTTTTAA,TTAGATTC,CATCAGTG,TTTTTAA,GGA,1,1,0.3235294117647059,0.25,0.2608695652173913,0.25,0.5,0.0,46.3608695652174,20.0,14.0,6.0,-7.34,-9.25,-5.58,-25.45,1,1,0,0,0,1,0,1,0,0,0,0,0,0,1,0,0,0,1,1,0,0,0,0,0,1,0,1,0,0,0,0,0,0,1,0,0,0,1,0,1,0,0,23.292037943751343,76.70796205624866,76.70796205624866,1
CTGGTTTGTTCCCTCTCGGATGGCAAACTCCAGG,90.3125,CTGG,TTTG,TTCCCTCTCGGATGGCAAACTCC,TTCCCTCT,CGGATGGC,AAACTCC,AGG,1,1,0.5588235294117647,0.25,0.5652173913043478,0.5,0.75,0.42857142857142855,58.83913043478262,24.0,20.0,4.0,-9.84,-11.72,-7.86,-32.17,0,0,0,0,0,1,0,1,0,0,0,0,0,0,1,0,0,0,1,0,1,0,0,0,1,0,0,0,1,0,0,0,0,0,1,0,1,0,0,0,0,0,1,40.44974698079569,49.86275301920431,49.86275301920431,1
TCGTTTTGTTCCTCCACGAAGTTCTCAAATTCAT,0.0,TCGT,TTTG,TTCCTCCACGAAGTTCTCAAATT,TTCCTCCA,CGAAGTTC,TCAAATT,CAT,1,0,0.38235294117647056,0.25,0.391304347826087,0.5,0.5,0.14285714285714285,51.70869565217392,24.0,16.0,8.0,-10.01,-9.49,-6.63,-28.85,0,0,0,0,0,1,0,1,0,0,0,0,0,0,1,0,0,0,1,0,1,0,0,0,1,0,0,0,0,0,1,0,1,0,0,0,1,0,0,1,0,0,0,47.655803693786496,-47.655803693786496,47.655803693786496,1
TCACTTTGTTCTCCTCTTCGATGGTCTTCAGGTT,0.5875440658049353,TCAC,TTTG,TTCTCCTCTTCGATGGTCTTCAG,TTCTCCTC,TTCGATGG,TCTTCAG,GTT,1,0,0.4411764705882353,0.25,0.4782608695652174,0.5,0.5,0.42857142857142855,55.27391304347827,24.0,20.0,4.0,-9.3,-9.94,-7.61,-29.57,0,0,0,0,0,1,0,1,0,0,0,0,0,0,1,0,0,0,1,0,1,0,0,0,0,0,1,0,1,0,0,0,1,0,0,0,0,0,1,0,1,0,0,51.41942600654155,-50.831881940736615,50.831881940736615,1
AGCCTTTGTTCTGACACTGTATGACTTTTGGGGT,82.27272727272728,AGCC,TTTG,TTCTGACACTGTATGACTTTTGG,TTCTGACA,CTGTATGA,CTTTTGG,GGT,1,1,0.4411764705882353,0.25,0.391304347826087,0.375,0.375,0.42857142857142855,51.70869565217392,22.0,20.0,2.0,-9.22,-8.379999999999999,-7.57,-28.05,1,0,0,0,0,1,0,1,0,0,0,0,0,0,1,0,0,0,1,0,1,0,0,0,0,0,1,0,0,1,0,1,0,0,0,0,1,0,0,1,0,0,0,22.173292394841795,60.099434877885486,60.099434877885486,1
GGTCTTTGTTCTGACGCTTCTTCTGGATGTCCTG,0.0,GGTC,TTTG,TTCTGACGCTTCTTCTGGATGTC,TTCTGACG,CTTCTTCT,GGATGTC,CTG,1,0,0.5,0.25,0.4782608695652174,0.5,0.375,0.5714285714285714,55.27391304347827,24.0,22.0,2.0,-9.94,-8.44,-8.21,-30.28,0,0,0,0,0,1,0,1,0,0,0,0,0,0,1,0,0,0,1,0,1,0,0,0,0,0,1,0,0,1,0,1,0,0,0,0,1,0,0,0,0,1,0,49.52049144194084,-49.52049144194084,49.52049144194084,1
GGATTTTGTTCTTCCTTGCTGCCAGCAGGGCAAT,88.97338403041825,GGAT,TTTG,TTCTTCCTTGCTGCCAGCAGGGC,TTCTTCCT,TGCTGCCA,GCAGGGC,AAT,1,1,0.5,0.25,0.6086956521739131,0.375,0.625,0.8571428571428571,60.62173913043479,22.0,26.0,-4.0,-9.0,-11.950000000000001,-10.89,-34.120000000000005,0,0,0,0,0,1,0,1,0,0,0,0,0,0,1,0,0,0,1,0,1,0,0,0,0,0,1,0,0,0,1,0,1,0,0,0,1,0,0,0,0,0,1,29.551733263797413,59.42165076662083,59.42165076662083,1
GCCTTTTGTTCTTCTGTTCCATGTTTTCTAATCA,66.10800744878958,GCCT,TTTG,TTCTTCTGTTCCATGTTTTCTAA,TTCTTCTG,TTCCATGT,TTTCTAA,TCA,1,1,0.35294117647058826,0.25,0.30434782608695654,0.375,0.375,0.14285714285714285,48.14347826086957,22.0,16.0,6.0,-8.61,-9.36,-6.16,-26.57,1,0,0,0,0,1,0,1,0,0,0,0,0,0,1,0,0,0,1,0,1,0,0,0,0,0,1,0,0,0,1,0,1,0,0,0,0,0,1,0,0,1,0,16.115216128855693,49.992791319933886,49.992791319933886,1
CAGATTTGTTGTGCTGTTCACAGATGACCTGGGC,84.9624060150376,CAGA,TTTG,TTGTGCTGTTCACAGATGACCTG,TTGTGCTG,TTCACAGA,TGACCTG,GGC,1,1,0.5,0.25,0.4782608695652174,0.5,0.375,0.5714285714285714,55.27391304347827,24.0,22.0,2.0,-10.31,-9.22,-8.76,-30.61,0,0,0,0,0,1,0,1,0,0,0,0,0,0,1,0,0,0,1,0,0,1,0,0,0,0,1,0,0,1,0,0,1,0,0,0,0,0,1,0,0,1,0,36.396741653160525,48.565664361877076,48.565664361877076,1
